Date,Elev_ft,Elev_m
1/1/17,4192.2,1277.78256
1/2/17,4192.2,1277.78256
1/3/17,4192.2,1277.78256
1/4/17,4192.3,1277.81304
1/5/17,4192.3,1277.81304
1/6/17,4192.2,1277.78256
1/7/17,4192.2,1277.78256
1/8/17,4192.2,1277.78256
1/9/17,4192.2,1277.78256
1/10/17,4192.1,1277.75208
1/11/17,4192.2,1277.78256
1/12/17,4192.2,1277.78256
1/13/17,4192.2,1277.78256
1/14/17,4192.2,1277.78256
1/15/17,4192.2,1277.78256
1/16/17,4192.3,1277.81304
1/17/17,4192.2,1277.78256
1/18/17,4192.3,1277.81304
1/19/17,4192.3,1277.81304
1/20/17,4192.3,1277.81304
1/21/17,4192.3,1277.81304
1/22/17,4192.3,1277.81304
1/23/17,4192.3,1277.81304
1/24/17,4192.4,1277.84352
1/25/17,4192.4,1277.84352
1/26/17,4192.4,1277.84352
1/27/17,4192.4,1277.84352
1/28/17,4192.3,1277.81304
1/29/17,4192.4,1277.84352
1/30/17,4192.3,1277.81304
1/31/17,4192.3,1277.81304
2/1/17,4192.4,1277.84352
2/2/17,4192.4,1277.84352
2/3/17,4192.4,1277.84352
2/4/17,4192.4,1277.84352
2/5/17,4192.4,1277.84352
2/6/17,4192.3,1277.81304
2/7/17,4192.4,1277.84352
2/8/17,4192.4,1277.84352
2/9/17,4192.5,1277.874
2/10/17,4192.6,1277.90448
2/11/17,4192.6,1277.90448
2/12/17,4192.7,1277.93496
2/13/17,4192.7,1277.93496
2/14/17,4192.8,1277.96544
2/15/17,4192.8,1277.96544
2/16/17,4192.9,1277.99592
2/17/17,4192.9,1277.99592
2/18/17,4193,1278.0264
2/19/17,4193,1278.0264
2/20/17,4193,1278.0264
2/21/17,4193,1278.0264
2/22/17,4193.2,1278.08736
2/23/17,4193.5,1278.1788
2/24/17,4193.4,1278.14832
2/25/17,4193.4,1278.14832
2/26/17,4193.4,1278.14832
2/27/17,4193.5,1278.1788
2/28/17,4193.6,1278.20928
3/1/17,4193.5,1278.1788
3/2/17,4193.6,1278.20928
3/3/17,4193.6,1278.20928
3/4/17,4193.6,1278.20928
3/5/17,4193.7,1278.23976
3/6/17,4193.8,1278.27024
3/7/17,4193.7,1278.23976
3/8/17,4193.8,1278.27024
3/9/17,4193.8,1278.27024
3/10/17,4193.9,1278.30072
3/11/17,4193.9,1278.30072
3/12/17,4193.9,1278.30072
3/13/17,4193.9,1278.30072
3/14/17,4194,1278.3312
3/15/17,4194,1278.3312
3/16/17,4194,1278.3312
3/17/17,4194.1,1278.36168
3/18/17,4194.1,1278.36168
3/19/17,4194.1,1278.36168
3/20/17,4194.1,1278.36168
3/21/17,4194.1,1278.36168
3/22/17,4194.2,1278.39216
3/23/17,4194.4,1278.45312
3/24/17,4194.3,1278.42264
3/25/17,4194.4,1278.45312
3/26/17,4194.3,1278.42264
3/27/17,4194.5,1278.4836
3/28/17,4194.6,1278.51408
3/29/17,4194.5,1278.4836
3/30/17,4194.6,1278.51408
3/31/17,4194.7,1278.54456
4/1/17,4194.6,1278.51408
4/2/17,4194.6,1278.51408
4/3/17,4194.7,1278.54456
4/4/17,4194.7,1278.54456
4/5/17,4194.6,1278.51408
4/6/17,4194.6,1278.51408
4/7/17,4194.6,1278.51408
4/8/17,4194.8,1278.57504
4/9/17,4194.8,1278.57504
4/10/17,4194.8,1278.57504
4/11/17,4194.8,1278.57504
4/12/17,4194.8,1278.57504
4/13/17,4194.8,1278.57504
4/14/17,4194.9,1278.60552
4/15/17,4194.9,1278.60552
4/16/17,4194.9,1278.60552
4/17/17,4194.9,1278.60552
4/18/17,4195,1278.636
4/19/17,4195,1278.636
4/20/17,4195,1278.636
4/21/17,4195.1,1278.66648
4/22/17,4195,1278.636
4/23/17,4195.1,1278.66648
4/24/17,4195.1,1278.66648
4/25/17,4195.2,1278.69696
4/26/17,4195.2,1278.69696
4/27/17,4195.5,1278.7884
4/28/17,4195.4,1278.75792
4/29/17,4195.3,1278.72744
4/30/17,4195.3,1278.72744
5/1/17,4195.3,1278.72744
5/2/17,4195.3,1278.72744
5/3/17,4195.3,1278.72744
5/4/17,4195.3,1278.72744
5/5/17,4195.3,1278.72744
5/6/17,4195.1,1278.66648
5/7/17,4195.3,1278.72744
5/8/17,4195.4,1278.75792
5/9/17,4195.4,1278.75792
5/10/17,4195.4,1278.75792
5/11/17,4195.3,1278.72744
5/12/17,4195.3,1278.72744
5/13/17,4195.4,1278.75792
5/14/17,4195.3,1278.72744
5/15/17,4195.3,1278.72744
5/16/17,4195.3,1278.72744
5/17/17,4195.3,1278.72744
5/18/17,4195.3,1278.72744
5/19/17,4195.4,1278.75792
5/20/17,4195.4,1278.75792
5/21/17,4195.4,1278.75792
5/22/17,4195.4,1278.75792
5/23/17,4195.4,1278.75792
5/24/17,4195.4,1278.75792
5/25/17,4195.5,1278.7884
5/26/17,4195.5,1278.7884
5/27/17,4195.4,1278.75792
5/28/17,4195.4,1278.75792
5/29/17,4195.4,1278.75792
5/30/17,4195.4,1278.75792
5/31/17,4195.4,1278.75792
6/1/17,4195.4,1278.75792
6/2/17,4195.4,1278.75792
6/3/17,4195.4,1278.75792
6/4/17,4195.3,1278.72744
6/5/17,4195.4,1278.75792
6/6/17,4195.4,1278.75792
6/7/17,4195.3,1278.72744
6/8/17,4195.2,1278.69696
6/9/17,4195.5,1278.7884
6/10/17,4195.4,1278.75792
6/11/17,4195.2,1278.69696
6/12/17,4195,1278.636
6/13/17,4195.2,1278.69696
6/14/17,4195.2,1278.69696
6/15/17,4195.2,1278.69696
6/16/17,4195.2,1278.69696
6/17/17,4195.2,1278.69696
6/18/17,4195.2,1278.69696
6/19/17,4195.2,1278.69696
6/20/17,4195.2,1278.69696
6/21/17,4195.2,1278.69696
6/22/17,4195.2,1278.69696
6/23/17,4195.2,1278.69696
6/24/17,4195.1,1278.66648
6/25/17,4195.1,1278.66648
6/26/17,4195.1,1278.66648
6/27/17,4195.1,1278.66648
6/28/17,4195.1,1278.66648
6/29/17,4195.1,1278.66648
6/30/17,4195.1,1278.66648
7/1/17,4195,1278.636
7/2/17,4195,1278.636
7/3/17,4194.9,1278.60552
7/4/17,4194.9,1278.60552
7/5/17,4194.9,1278.60552
7/6/17,4194.9,1278.60552
7/7/17,4194.9,1278.60552
7/8/17,4194.8,1278.57504
7/9/17,4194.9,1278.60552
7/10/17,4194.8,1278.57504
7/11/17,4194.8,1278.57504
7/12/17,4194.8,1278.57504
7/13/17,4194.7,1278.54456
7/14/17,4194.7,1278.54456
7/15/17,4194.7,1278.54456
7/16/17,4194.7,1278.54456
7/17/17,4194.6,1278.51408
7/18/17,4194.6,1278.51408
7/19/17,4194.5,1278.4836
7/20/17,4194.5,1278.4836
7/21/17,4194.6,1278.51408
7/22/17,4194.5,1278.4836
7/23/17,4194.5,1278.4836
7/24/17,4194.5,1278.4836
7/25/17,4194.4,1278.45312
7/26/17,4194.4,1278.45312
7/27/17,4194.4,1278.45312
7/28/17,4194.4,1278.45312
7/29/17,4194.4,1278.45312
7/30/17,4194.4,1278.45312
7/31/17,4194.4,1278.45312
8/1/17,4194.3,1278.42264
8/2/17,4194.3,1278.42264
8/3/17,4194.3,1278.42264
8/4/17,4194.2,1278.39216
8/5/17,4194.2,1278.39216
8/6/17,4194.2,1278.39216
8/7/17,4194.2,1278.39216
8/8/17,4194.2,1278.39216
8/9/17,4194.2,1278.39216
8/10/17,4194.1,1278.36168
8/11/17,4194.1,1278.36168
8/12/17,4194,1278.3312
8/13/17,4194,1278.3312
8/14/17,4194.2,1278.39216
8/15/17,4194,1278.3312
8/16/17,4194,1278.3312
8/17/17,4194,1278.3312
8/18/17,4194,1278.3312
8/19/17,4193.9,1278.30072
8/20/17,4193.9,1278.30072
8/21/17,4193.9,1278.30072
8/22/17,4193.9,1278.30072
8/23/17,4193.9,1278.30072
8/24/17,4193.8,1278.27024
8/25/17,4193.8,1278.27024
8/26/17,4193.8,1278.27024
8/27/17,4193.8,1278.27024
8/28/17,4193.8,1278.27024
8/29/17,4193.8,1278.27024
8/30/17,4193.8,1278.27024
8/31/17,4193.8,1278.27024
9/1/17,4193.7,1278.23976
9/2/17,4193.7,1278.23976
9/3/17,4193.7,1278.23976
9/4/17,4193.7,1278.23976
9/5/17,4193.7,1278.23976
9/6/17,4193.7,1278.23976
9/7/17,4193.7,1278.23976
9/8/17,4193.6,1278.20928
9/9/17,4193.6,1278.20928
9/10/17,4193.6,1278.20928
9/11/17,4193.6,1278.20928
9/12/17,4193.6,1278.20928
9/13/17,4193.6,1278.20928
9/14/17,4193.5,1278.1788
9/15/17,4193.6,1278.20928
9/16/17,4193.5,1278.1788
9/17/17,4193.5,1278.1788
9/18/17,4193.5,1278.1788
9/19/17,4193.5,1278.1788
9/20/17,4193.5,1278.1788
9/21/17,4193.6,1278.20928
9/22/17,4193.5,1278.1788
9/23/17,4193.5,1278.1788
9/24/17,4193.5,1278.1788
9/25/17,4193.5,1278.1788
9/26/17,4193.5,1278.1788
9/27/17,4193.5,1278.1788
9/28/17,4193.5,1278.1788
9/29/17,4193.5,1278.1788
9/30/17,4193.5,1278.1788
10/1/17,4193.6,1278.20928
10/2/17,4193.5,1278.1788
10/3/17,4193.5,1278.1788
10/4/17,4193.5,1278.1788
10/5/17,4193.5,1278.1788
10/6/17,4193.5,1278.1788
10/7/17,4193.5,1278.1788
10/8/17,4193.7,1278.23976
10/9/17,4193.5,1278.1788
10/10/17,4193.5,1278.1788
10/11/17,4193.5,1278.1788
10/12/17,4193.5,1278.1788
10/13/17,4193.5,1278.1788
10/14/17,4193.6,1278.20928
10/15/17,4193.4,1278.14832
10/16/17,4193.5,1278.1788
10/17/17,4193.5,1278.1788
10/18/17,4193.5,1278.1788
10/19/17,4193.5,1278.1788
10/20/17,4193.6,1278.20928
10/21/17,4193.4,1278.14832
10/22/17,4193.4,1278.14832
10/23/17,4193.4,1278.14832
10/24/17,4193.5,1278.1788
10/25/17,4193.4,1278.14832
10/26/17,4193.5,1278.1788
10/27/17,4193.5,1278.1788
10/28/17,4193.5,1278.1788
10/29/17,4193.5,1278.1788
10/30/17,4193.5,1278.1788
10/31/17,4193.5,1278.1788
11/1/17,4193.5,1278.1788
11/2/17,4193.4,1278.14832
11/3/17,4193.4,1278.14832
11/4/17,4193.5,1278.1788
11/5/17,4193.5,1278.1788
11/6/17,4193.5,1278.1788
11/7/17,4193.5,1278.1788
11/8/17,4193.5,1278.1788
11/9/17,4193.5,1278.1788
11/10/17,4193.5,1278.1788
11/11/17,4193.5,1278.1788
11/12/17,4193.5,1278.1788
11/13/17,4193.5,1278.1788
11/14/17,4193.5,1278.1788
11/15/17,4193.6,1278.20928
11/16/17,4193.5,1278.1788
11/17/17,4193.8,1278.27024
11/18/17,4193.6,1278.20928
11/19/17,4193.6,1278.20928
11/20/17,4193.6,1278.20928
11/21/17,4193.6,1278.20928
11/22/17,4193.6,1278.20928
11/23/17,4193.7,1278.23976
11/24/17,4193.7,1278.23976
11/25/17,4193.7,1278.23976
11/26/17,4193.7,1278.23976
11/27/17,4193.7,1278.23976
11/28/17,4193.7,1278.23976
11/29/17,4193.7,1278.23976
11/30/17,4193.7,1278.23976
12/1/17,4193.7,1278.23976
12/2/17,4193.7,1278.23976
12/3/17,4193.9,1278.30072
12/4/17,4193.7,1278.23976
12/5/17,4193.7,1278.23976
12/6/17,4193.7,1278.23976
12/7/17,4193.7,1278.23976
12/8/17,4193.7,1278.23976
12/9/17,4193.7,1278.23976
12/10/17,4193.7,1278.23976
12/11/17,4193.7,1278.23976
12/12/17,4193.7,1278.23976
12/13/17,4193.7,1278.23976
12/14/17,4193.7,1278.23976
12/15/17,4193.7,1278.23976
12/16/17,4193.8,1278.27024
12/17/17,4193.8,1278.27024
12/18/17,4193.8,1278.27024
12/19/17,4193.8,1278.27024
12/20/17,4193.9,1278.30072
12/21/17,4194,1278.3312
12/22/17,4193.8,1278.27024
12/23/17,4193.9,1278.30072
12/24/17,4193.8,1278.27024
12/25/17,4193.9,1278.30072
12/26/17,4193.9,1278.30072
12/27/17,4193.9,1278.30072
12/28/17,4193.9,1278.30072
12/29/17,4193.9,1278.30072
12/30/17,4193.9,1278.30072
12/31/17,4193.9,1278.30072
1/1/18,4193.9,1278.30072
1/2/18,4193.9,1278.30072
1/3/18,4193.9,1278.30072
1/4/18,4193.9,1278.30072
1/5/18,4193.9,1278.30072
1/6/18,4193.9,1278.30072
1/7/18,4194,1278.3312
1/8/18,4194,1278.3312
1/9/18,4194,1278.3312
1/10/18,4194,1278.3312
1/11/18,4194,1278.3312
1/12/18,4194,1278.3312
1/13/18,4194,1278.3312
1/14/18,4194.1,1278.36168
1/15/18,4194.1,1278.36168
1/16/18,4194.1,1278.36168
1/17/18,4194.1,1278.36168
1/18/18,4194.1,1278.36168
1/19/18,4194.2,1278.39216
1/20/18,4194.3,1278.42264
1/21/18,4194.3,1278.42264
1/22/18,4194.1,1278.36168
1/23/18,4194.2,1278.39216
1/24/18,4194.2,1278.39216
1/25/18,4194.2,1278.39216
1/26/18,4194.2,1278.39216
1/27/18,4194.2,1278.39216
1/28/18,4194.2,1278.39216
1/29/18,4194.2,1278.39216
1/30/18,4194.2,1278.39216
1/31/18,4194.2,1278.39216
2/1/18,4194.2,1278.39216
2/2/18,4194.2,1278.39216
2/3/18,4194.3,1278.42264
2/4/18,4194.2,1278.39216
2/5/18,4194.3,1278.42264
2/6/18,4194.3,1278.42264
2/7/18,4194.3,1278.42264
2/8/18,4194.3,1278.42264
2/9/18,4194.3,1278.42264
2/10/18,4194.4,1278.45312
2/11/18,4194.3,1278.42264
2/12/18,4194.4,1278.45312
2/13/18,4194.3,1278.42264
2/14/18,4194.4,1278.45312
2/15/18,4194.4,1278.45312
2/16/18,4194.3,1278.42264
2/17/18,4194.3,1278.42264
2/18/18,4194.3,1278.42264
2/19/18,4194.5,1278.4836
2/20/18,4194.4,1278.45312
2/21/18,4194.3,1278.42264
2/22/18,4194.3,1278.42264
2/23/18,4194.4,1278.45312
2/24/18,4194.3,1278.42264
2/25/18,4194.4,1278.45312
2/26/18,4194.3,1278.42264
2/27/18,4194.4,1278.45312
2/28/18,4194.4,1278.45312
3/1/18,4194.3,1278.42264
3/2/18,4194.3,1278.42264
3/3/18,4194.5,1278.4836
3/4/18,4194.5,1278.4836
3/5/18,4194.4,1278.45312
3/6/18,4194.4,1278.45312
3/7/18,4194.4,1278.45312
3/8/18,4194.5,1278.4836
3/9/18,4194.5,1278.4836
3/10/18,4194.5,1278.4836
3/11/18,4194.5,1278.4836
3/12/18,4194.5,1278.4836
3/13/18,4194.5,1278.4836
3/14/18,4194.6,1278.51408
3/15/18,4194.6,1278.51408
3/16/18,4194.5,1278.4836
3/17/18,4194.5,1278.4836
3/18/18,4194.6,1278.51408
3/19/18,4194.6,1278.51408
3/20/18,4194.6,1278.51408
3/21/18,4194.6,1278.51408
3/22/18,4194.4,1278.45312
3/23/18,4194.7,1278.54456
3/24/18,4194.7,1278.54456
3/25/18,4194.7,1278.54456
3/26/18,4194.7,1278.54456
3/27/18,4194.7,1278.54456
3/28/18,4194.7,1278.54456
3/29/18,4194.7,1278.54456
3/30/18,4194.7,1278.54456
3/31/18,4194.7,1278.54456
4/1/18,4194.7,1278.54456
4/2/18,4194.9,1278.60552
4/3/18,4194.7,1278.54456
4/4/18,4194.7,1278.54456
4/5/18,4194.7,1278.54456
4/6/18,4194.8,1278.57504
4/7/18,4194.8,1278.57504
4/8/18,4194.9,1278.60552
4/9/18,4194.8,1278.57504
4/10/18,4194.8,1278.57504
4/11/18,4194.8,1278.57504
4/12/18,4195.2,1278.69696
4/13/18,4195,1278.636
4/14/18,4194.8,1278.57504
4/15/18,4194.8,1278.57504
4/16/18,4194.9,1278.60552
4/17/18,4195,1278.636
4/18/18,4194.8,1278.57504
4/19/18,4194.8,1278.57504
4/20/18,4194.9,1278.60552
4/21/18,4194.8,1278.57504
4/22/18,4194.8,1278.57504
4/23/18,4194.9,1278.60552
4/24/18,4194.9,1278.60552
4/25/18,4194.8,1278.57504
4/26/18,4194.8,1278.57504
4/27/18,4194.8,1278.57504
4/28/18,4194.8,1278.57504
4/29/18,4194.9,1278.60552
4/30/18,4194.8,1278.57504
5/1/18,4194.8,1278.57504
5/2/18,4194.8,1278.57504
5/3/18,4194.8,1278.57504
5/4/18,4194.8,1278.57504
5/5/18,4194.8,1278.57504
5/6/18,4194.7,1278.54456
5/7/18,4194.8,1278.57504
5/8/18,4194.8,1278.57504
5/9/18,4194.8,1278.57504
5/10/18,4194.9,1278.60552
5/11/18,4195,1278.636
5/12/18,4194.9,1278.60552
5/13/18,4194.9,1278.60552
5/14/18,4194.9,1278.60552
5/15/18,4194.9,1278.60552
5/16/18,4194.9,1278.60552
5/17/18,4194.9,1278.60552
5/18/18,4194.9,1278.60552
5/19/18,4194.8,1278.57504
5/20/18,4194.8,1278.57504
5/21/18,4194.8,1278.57504
5/22/18,4194.7,1278.54456
5/23/18,4194.7,1278.54456
5/24/18,4194.7,1278.54456
5/25/18,4194.7,1278.54456
5/26/18,4194.8,1278.57504
5/27/18,4194.8,1278.57504
5/28/18,4194.7,1278.54456
5/29/18,4194.7,1278.54456
5/30/18,4194.7,1278.54456
5/31/18,4194.8,1278.57504
6/1/18,4194.7,1278.54456
6/2/18,4194.7,1278.54456
6/3/18,4194.6,1278.51408
6/4/18,4194.6,1278.51408
6/5/18,4194.6,1278.51408
6/6/18,4194.6,1278.51408
6/7/18,4194.6,1278.51408
6/8/18,4194.6,1278.51408
6/9/18,4194.5,1278.4836
6/10/18,4194.6,1278.51408
6/11/18,4194.5,1278.4836
6/12/18,4194.5,1278.4836
6/13/18,4194.4,1278.45312
6/14/18,4194.5,1278.4836
6/15/18,4194.5,1278.4836
6/16/18,4194.5,1278.4836
6/17/18,4194.3,1278.42264
6/18/18,4194.4,1278.45312
6/19/18,4194.3,1278.42264
6/20/18,4194.3,1278.42264
6/21/18,4194.3,1278.42264
6/22/18,4194.3,1278.42264
6/23/18,4194.3,1278.42264
6/24/18,4194.2,1278.39216
6/25/18,4194.2,1278.39216
6/26/18,4194.1,1278.36168
6/27/18,4194.1,1278.36168
6/28/18,4194.1,1278.36168
6/29/18,4194.1,1278.36168
6/30/18,4194,1278.3312
7/1/18,4193.9,1278.30072
7/2/18,4193.9,1278.30072
7/3/18,4194,1278.3312
7/4/18,4193.9,1278.30072
7/5/18,4193.9,1278.30072
7/6/18,4193.9,1278.30072
7/7/18,4193.9,1278.30072
7/8/18,4193.7,1278.23976
7/9/18,4193.8,1278.27024
7/10/18,4193.8,1278.27024
7/11/18,4193.8,1278.27024
7/12/18,4193.7,1278.23976
7/13/18,4193.7,1278.23976
7/14/18,4193.7,1278.23976
7/15/18,4193.7,1278.23976
7/16/18,4193.7,1278.23976
7/17/18,4193.6,1278.20928
7/18/18,4193.6,1278.20928
7/19/18,4193.6,1278.20928
7/20/18,4193.6,1278.20928
7/21/18,4193.5,1278.1788
7/22/18,4193.6,1278.20928
7/23/18,4193.5,1278.1788
7/24/18,4193.5,1278.1788
7/25/18,4193.5,1278.1788
7/26/18,4193.5,1278.1788
7/27/18,4193.4,1278.14832
7/28/18,4193.4,1278.14832
7/29/18,4193.4,1278.14832
7/30/18,4193.4,1278.14832
7/31/18,4193.4,1278.14832
8/1/18,4193.3,1278.11784
8/2/18,4193.2,1278.08736
8/3/18,4193.3,1278.11784
8/4/18,4193.3,1278.11784
8/5/18,4193.3,1278.11784
8/6/18,4193.2,1278.08736
8/7/18,4193.2,1278.08736
8/8/18,4193.2,1278.08736
8/9/18,4193.2,1278.08736
8/10/18,4193.1,1278.05688
8/11/18,4193.1,1278.05688
8/12/18,4193.1,1278.05688
8/13/18,4193.1,1278.05688
8/14/18,4193.1,1278.05688
8/15/18,4193,1278.0264
8/16/18,4193,1278.0264
8/17/18,4193,1278.0264
8/18/18,4193,1278.0264
8/19/18,4193,1278.0264
8/20/18,4192.9,1277.99592
8/21/18,4192.9,1277.99592
8/22/18,4192.8,1277.96544
8/23/18,4192.8,1277.96544
8/24/18,4192.8,1277.96544
8/25/18,4192.8,1277.96544
8/26/18,4192.8,1277.96544
8/27/18,4192.9,1277.99592
8/28/18,4192.8,1277.96544
8/29/18,4192.7,1277.93496
8/30/18,4192.7,1277.93496
8/31/18,4192.8,1277.96544
9/1/18,4192.7,1277.93496
9/2/18,4192.7,1277.93496
9/3/18,4192.7,1277.93496
9/4/18,4192.6,1277.90448
9/5/18,4192.6,1277.90448
9/6/18,4192.6,1277.90448
9/7/18,4192.6,1277.90448
9/8/18,4192.6,1277.90448
9/9/18,4192.6,1277.90448
9/10/18,4192.5,1277.874
9/11/18,4192.5,1277.874
9/12/18,4192.5,1277.874
9/13/18,4192.5,1277.874
9/14/18,4192.5,1277.874
9/15/18,4192.4,1277.84352
9/16/18,4192.4,1277.84352
9/17/18,4192.4,1277.84352
9/18/18,4192.4,1277.84352
9/19/18,4192.4,1277.84352
9/20/18,4192.3,1277.81304
9/21/18,4192.3,1277.81304
9/22/18,4192.3,1277.81304
9/23/18,4192.3,1277.81304
9/24/18,4192.3,1277.81304
9/25/18,4192.2,1277.78256
9/26/18,4192.2,1277.78256
9/27/18,4192.2,1277.78256
9/28/18,4192.2,1277.78256
9/29/18,4192.1,1277.75208
9/30/18,4192,1277.7216
10/1/18,4192.1,1277.75208
10/2/18,4192.1,1277.75208
10/3/18,4192.2,1277.78256
10/4/18,4192.1,1277.75208
10/5/18,4192.1,1277.75208
10/6/18,4192.2,1277.78256
10/7/18,4192.4,1277.84352
10/8/18,4192.2,1277.78256
10/9/18,4192.1,1277.75208
10/10/18,4192.2,1277.78256
10/11/18,4192.1,1277.75208
10/12/18,4192.1,1277.75208
10/13/18,4192.2,1277.78256
10/14/18,4192.3,1277.81304
10/15/18,4192.1,1277.75208
10/16/18,4192.1,1277.75208
10/17/18,4192.1,1277.75208
10/18/18,4192,1277.7216
10/19/18,4192.1,1277.75208
10/20/18,4192.1,1277.75208
10/21/18,4192.1,1277.75208
10/22/18,4192.1,1277.75208
10/23/18,4192.1,1277.75208
10/24/18,4192.1,1277.75208
10/25/18,4192.1,1277.75208
10/26/18,4192.1,1277.75208
10/27/18,4192.1,1277.75208
10/28/18,4192.1,1277.75208
10/29/18,4192.1,1277.75208
10/30/18,4192.2,1277.78256
10/31/18,4192.1,1277.75208
11/1/18,4192,1277.7216
11/2/18,4192.1,1277.75208
11/3/18,4192.1,1277.75208
11/4/18,4192,1277.7216
11/5/18,4192.1,1277.75208
11/6/18,4192,1277.7216
11/7/18,4192.1,1277.75208
11/8/18,4192,1277.7216
11/9/18,4192,1277.7216
11/10/18,4192,1277.7216
11/11/18,4192.1,1277.75208
11/12/18,4192,1277.7216
11/13/18,4192,1277.7216
11/14/18,4192,1277.7216
11/15/18,4192,1277.7216
11/16/18,4192,1277.7216
11/17/18,4192,1277.7216
11/18/18,4192,1277.7216
11/19/18,4192,1277.7216
11/20/18,4192,1277.7216
11/21/18,4192,1277.7216
11/22/18,4192,1277.7216
11/23/18,4192,1277.7216
11/24/18,4192.1,1277.75208
11/25/18,4192,1277.7216
11/26/18,4192,1277.7216
11/27/18,4192,1277.7216
11/28/18,4192,1277.7216
11/29/18,4192.1,1277.75208
11/30/18,4192.2,1277.78256
12/1/18,4192.1,1277.75208
12/2/18,4192.2,1277.78256
12/3/18,4192.1,1277.75208
12/4/18,4192.1,1277.75208
12/5/18,4192.1,1277.75208
12/6/18,4192.1,1277.75208
12/7/18,4192.1,1277.75208
12/8/18,4192.1,1277.75208
12/9/18,4192.1,1277.75208
12/10/18,4192.1,1277.75208
12/11/18,4192.1,1277.75208
12/12/18,4192.3,1277.81304
12/13/18,4192.2,1277.78256
12/14/18,4192.2,1277.78256
12/15/18,4192.2,1277.78256
12/16/18,4192.2,1277.78256
12/17/18,4192.2,1277.78256
12/18/18,4192.2,1277.78256
12/19/18,4192.2,1277.78256
12/20/18,4192.2,1277.78256
12/21/18,4192.3,1277.81304
12/22/18,4192.3,1277.81304
12/23/18,4192.2,1277.78256
12/24/18,4192.3,1277.81304
12/25/18,4192.3,1277.81304
12/26/18,4192.4,1277.84352
12/27/18,4192.4,1277.84352
12/28/18,4192.4,1277.84352
12/29/18,4192.3,1277.81304
12/30/18,4192.3,1277.81304
12/31/18,4192.4,1277.84352
1/1/19,4192.4,1277.84352
1/2/19,4192.3,1277.81304
1/3/19,4192.3,1277.81304
1/4/19,4192.3,1277.81304
1/5/19,4192.3,1277.81304
1/6/19,4192.3,1277.81304
1/7/19,4192.3,1277.81304
1/8/19,4192.4,1277.84352
1/9/19,4192.4,1277.84352
1/10/19,4192.4,1277.84352
1/11/19,4192.3,1277.81304
1/12/19,4192.3,1277.81304
1/13/19,4192.3,1277.81304
1/14/19,4192.4,1277.84352
1/15/19,4192.4,1277.84352
1/16/19,4192.4,1277.84352
1/17/19,4192.4,1277.84352
1/18/19,4192.4,1277.84352
1/19/19,4192.5,1277.874
1/20/19,4192.5,1277.874
1/21/19,4192.6,1277.90448
1/22/19,4192.6,1277.90448
1/23/19,4192.5,1277.874
1/24/19,4192.5,1277.874
1/25/19,4192.6,1277.90448
1/26/19,4192.6,1277.90448
1/27/19,4192.6,1277.90448
1/28/19,4192.6,1277.90448
1/29/19,4192.6,1277.90448
1/30/19,4192.6,1277.90448
1/31/19,4192.6,1277.90448
2/1/19,4192.7,1277.93496
2/2/19,4192.7,1277.93496
2/3/19,4192.7,1277.93496
2/4/19,4192.5,1277.874
2/5/19,4192.5,1277.874
2/6/19,4192.7,1277.93496
2/7/19,4192.8,1277.96544
2/8/19,4192.8,1277.96544
2/9/19,4192.7,1277.93496
2/10/19,4192.7,1277.93496
2/11/19,4192.8,1277.96544
2/12/19,4192.9,1277.99592
2/13/19,4192.9,1277.99592
2/14/19,4192.6,1277.90448
2/15/19,4192.9,1277.99592
2/16/19,4193.1,1278.05688
2/17/19,4193.1,1278.05688
2/18/19,4193.1,1278.05688
2/19/19,4193.2,1278.08736
2/20/19,4193.1,1278.05688
2/21/19,4193.1,1278.05688
2/22/19,4193.2,1278.08736
2/23/19,4193.1,1278.05688
2/24/19,4193.1,1278.05688
2/25/19,4193.1,1278.05688
2/26/19,4193.2,1278.08736
2/27/19,4193.2,1278.08736
2/28/19,4193.2,1278.08736
3/1/19,4193.3,1278.11784
3/2/19,4193.3,1278.11784
3/3/19,4193.3,1278.11784
3/4/19,4193.3,1278.11784
3/5/19,4193.3,1278.11784
3/6/19,4193.3,1278.11784
3/7/19,4193.3,1278.11784
3/8/19,4193.5,1278.1788
3/9/19,4193.4,1278.14832
3/10/19,4193.5,1278.1788
3/11/19,4193.5,1278.1788
3/12/19,4193.5,1278.1788
3/13/19,4193.7,1278.23976
3/14/19,4193.6,1278.20928
3/15/19,4193.6,1278.20928
3/16/19,4193.6,1278.20928
3/17/19,4193.6,1278.20928
3/18/19,4193.6,1278.20928
3/19/19,4193.6,1278.20928
3/20/19,4193.6,1278.20928
3/21/19,4193.6,1278.20928
3/22/19,4193.6,1278.20928
3/23/19,4193.6,1278.20928
3/24/19,4193.7,1278.23976
3/25/19,4193.7,1278.23976
3/26/19,4193.7,1278.23976
3/27/19,4193.7,1278.23976
3/28/19,4193.8,1278.27024
3/29/19,4193.8,1278.27024
3/30/19,4193.8,1278.27024
3/31/19,4193.8,1278.27024
4/1/19,4193.8,1278.27024
4/2/19,4193.8,1278.27024
4/3/19,4193.9,1278.30072
4/4/19,4193.9,1278.30072
4/5/19,4193.9,1278.30072
4/6/19,4193.9,1278.30072
4/7/19,4193.9,1278.30072
4/8/19,4193.9,1278.30072
4/9/19,4194,1278.3312
4/10/19,4194.5,1278.4836
4/11/19,4194.1,1278.36168
4/12/19,4194,1278.3312
4/13/19,4194,1278.3312
4/14/19,4194,1278.3312
4/15/19,4194.1,1278.36168
4/16/19,4194.2,1278.39216
4/17/19,4194.2,1278.39216
4/18/19,4194.2,1278.39216
4/19/19,4194.2,1278.39216
4/20/19,4194.3,1278.42264
4/21/19,4194.4,1278.45312
4/22/19,4194.4,1278.45312
4/23/19,4194.4,1278.45312
4/24/19,4194.4,1278.45312
4/25/19,4194.4,1278.45312
4/26/19,4194.5,1278.4836
4/27/19,4194.5,1278.4836
4/28/19,4194.6,1278.51408
4/29/19,4194.6,1278.51408
4/30/19,4194.6,1278.51408
5/1/19,4194.5,1278.4836
5/2/19,4194.5,1278.4836
5/3/19,4194.5,1278.4836
5/4/19,4194.5,1278.4836
5/5/19,4194.5,1278.4836
5/6/19,4194.5,1278.4836
5/7/19,4194.6,1278.51408
5/8/19,4194.7,1278.54456
5/9/19,4194.6,1278.51408
5/10/19,4194.6,1278.51408
5/11/19,4194.6,1278.51408
5/12/19,4194.6,1278.51408
5/13/19,4194.6,1278.51408
5/14/19,4194.6,1278.51408
5/15/19,4194.5,1278.4836
5/16/19,4194.4,1278.45312
5/17/19,4194.7,1278.54456
5/18/19,4194.6,1278.51408
5/19/19,4194.5,1278.4836
5/20/19,4194.6,1278.51408
5/21/19,4194.7,1278.54456
5/22/19,4194.6,1278.51408
5/23/19,4194.6,1278.51408
5/24/19,4194.6,1278.51408
5/25/19,4194.7,1278.54456
5/26/19,4194.7,1278.54456
5/27/19,4194.7,1278.54456
5/28/19,4194.8,1278.57504
5/29/19,4194.8,1278.57504
5/30/19,4194.8,1278.57504
5/31/19,4194.8,1278.57504
6/1/19,4194.8,1278.57504
6/2/19,4194.8,1278.57504
6/3/19,4194.8,1278.57504
6/4/19,4194.8,1278.57504
6/5/19,4194.8,1278.57504
6/6/19,4194.7,1278.54456
6/7/19,4195.1,1278.66648
6/8/19,4194.9,1278.60552
6/9/19,4194.9,1278.60552
6/10/19,4194.9,1278.60552
6/11/19,4194.9,1278.60552
6/12/19,4194.9,1278.60552
6/13/19,4194.9,1278.60552
6/14/19,4194.9,1278.60552
6/15/19,4194.9,1278.60552
6/16/19,4194.9,1278.60552
6/17/19,4194.9,1278.60552
6/18/19,4194.9,1278.60552
6/19/19,4194.9,1278.60552
6/20/19,4195,1278.636
6/21/19,4195,1278.636
6/22/19,4194.9,1278.60552
6/23/19,4194.8,1278.57504
6/24/19,4194.8,1278.57504
6/25/19,4194.8,1278.57504
6/26/19,4194.7,1278.54456
6/27/19,4194.6,1278.51408
6/28/19,4194.7,1278.54456
6/29/19,4194.7,1278.54456
6/30/19,4194.6,1278.51408
7/1/19,4194.7,1278.54456
7/2/19,4194.7,1278.54456
7/3/19,4194.8,1278.57504
7/4/19,4194.7,1278.54456
7/5/19,4194.6,1278.51408
7/6/19,4194.6,1278.51408
7/7/19,4194.5,1278.4836
7/8/19,4194.6,1278.51408
7/9/19,4194.5,1278.4836
7/10/19,4194.5,1278.4836
7/11/19,4194.5,1278.4836
7/12/19,4194.5,1278.4836
7/13/19,4194.4,1278.45312
7/14/19,4194.4,1278.45312
7/15/19,4194.4,1278.45312
7/16/19,4194.5,1278.4836
7/17/19,4194.4,1278.45312
7/18/19,4194.4,1278.45312
7/19/19,4194.4,1278.45312
7/20/19,4194.4,1278.45312
7/21/19,4194.3,1278.42264
7/22/19,4194.3,1278.42264
7/23/19,4194.3,1278.42264
7/24/19,4194.3,1278.42264
7/25/19,4194.2,1278.39216
7/26/19,4194.1,1278.36168
7/27/19,4194.2,1278.39216
7/28/19,4194.1,1278.36168
7/29/19,4194.1,1278.36168
7/30/19,4194.1,1278.36168
7/31/19,4193.9,1278.30072
8/1/19,4194,1278.3312
8/2/19,4194,1278.3312
8/3/19,4193.9,1278.30072
8/4/19,4194,1278.3312
8/5/19,4193.9,1278.30072
8/6/19,4193.9,1278.30072
8/7/19,4193.9,1278.30072
8/8/19,4193.9,1278.30072
8/9/19,4193.9,1278.30072
8/10/19,4193.8,1278.27024
8/11/19,4193.9,1278.30072
8/12/19,4193.8,1278.27024
8/13/19,4193.8,1278.27024
8/14/19,4193.8,1278.27024
8/15/19,4193.8,1278.27024
8/16/19,4193.8,1278.27024
8/17/19,4193.7,1278.23976
8/18/19,4193.7,1278.23976
8/19/19,4193.7,1278.23976
8/20/19,4193.7,1278.23976
8/21/19,4193.6,1278.20928
8/22/19,4193.7,1278.23976
8/23/19,4193.6,1278.20928
8/24/19,4193.6,1278.20928
8/25/19,4193.6,1278.20928
8/26/19,4193.6,1278.20928
8/27/19,4193.5,1278.1788
8/28/19,4193.5,1278.1788
8/29/19,4193.5,1278.1788
8/30/19,4193.5,1278.1788
8/31/19,4193.5,1278.1788
9/1/19,4193.5,1278.1788
9/2/19,4193.4,1278.14832
9/3/19,4193.4,1278.14832
9/4/19,4193.4,1278.14832
9/5/19,4193.3,1278.11784
9/6/19,4193.4,1278.14832
9/7/19,4193.4,1278.14832
9/8/19,4193.4,1278.14832
9/9/19,4193.3,1278.11784
9/10/19,4193.3,1278.11784
9/11/19,4193.4,1278.14832
9/12/19,4193.3,1278.11784
9/13/19,4193.3,1278.11784
9/14/19,4193.3,1278.11784
9/15/19,4193.2,1278.08736
9/16/19,4193,1278.0264
9/17/19,4193.3,1278.11784
9/18/19,4193.2,1278.08736
9/19/19,4193.3,1278.11784
9/20/19,4193.1,1278.05688
9/21/19,4193.1,1278.05688
9/22/19,4193.1,1278.05688
9/23/19,4193.1,1278.05688
9/24/19,4193.1,1278.05688
9/25/19,4193.1,1278.05688
9/26/19,4193.1,1278.05688
9/27/19,4193.1,1278.05688
9/28/19,4193.2,1278.08736
9/29/19,4193.3,1278.11784
9/30/19,4193.2,1278.08736
10/1/19,4193.3,1278.11784
10/2/19,4193.2,1278.08736
10/3/19,4193.2,1278.08736
10/4/19,4193.4,1278.14832
10/5/19,4193.2,1278.08736
10/6/19,4193.2,1278.08736
10/7/19,4193.2,1278.08736
10/8/19,4193.2,1278.08736
10/9/19,4193.4,1278.14832
10/10/19,4193.3,1278.11784
10/11/19,4193.2,1278.08736
10/12/19,4193.2,1278.08736
10/13/19,4193.2,1278.08736
10/14/19,4193.2,1278.08736
10/15/19,4193.2,1278.08736
10/16/19,4193.2,1278.08736
10/17/19,4193.3,1278.11784
10/18/19,4193.2,1278.08736
10/19/19,4193.3,1278.11784
10/20/19,4193.3,1278.11784
10/21/19,4193.2,1278.08736
10/22/19,4193.2,1278.08736
10/23/19,4193.3,1278.11784
10/24/19,4193.2,1278.08736
10/25/19,4193.2,1278.08736
10/26/19,4193.3,1278.11784
10/27/19,4193.4,1278.14832
10/28/19,4193.2,1278.08736
10/29/19,4193.3,1278.11784
10/30/19,4193.2,1278.08736
10/31/19,4193.2,1278.08736
11/1/19,4193.2,1278.08736
11/2/19,4193.2,1278.08736
11/3/19,4193.2,1278.08736
11/4/19,4193.2,1278.08736
11/5/19,4193.2,1278.08736
11/6/19,4193.2,1278.08736
11/7/19,4193.2,1278.08736
11/8/19,4193.2,1278.08736
11/9/19,4193.2,1278.08736
11/10/19,4193.2,1278.08736
11/11/19,4193.3,1278.11784
11/12/19,4193.3,1278.11784
11/13/19,4193.3,1278.11784
11/14/19,4193.3,1278.11784
11/15/19,4193.3,1278.11784
11/16/19,4193.3,1278.11784
11/17/19,4193.3,1278.11784
11/18/19,4193.3,1278.11784
11/19/19,4193.3,1278.11784
11/20/19,4193.3,1278.11784
11/21/19,4193.3,1278.11784
11/22/19,4193.3,1278.11784
11/23/19,4193.3,1278.11784
11/24/19,4193.3,1278.11784
11/25/19,4193.6,1278.20928
11/26/19,4193.3,1278.11784
11/27/19,4193.2,1278.08736
11/28/19,4193.3,1278.11784
11/29/19,4193.4,1278.14832
11/30/19,4193.4,1278.14832
12/1/19,4193.4,1278.14832
12/2/19,4193.4,1278.14832
12/3/19,4193.4,1278.14832
12/4/19,4193.4,1278.14832
12/5/19,4193.5,1278.1788
12/6/19,4193.5,1278.1788
12/7/19,4193.5,1278.1788
12/8/19,4193.5,1278.1788
12/9/19,4193.5,1278.1788
12/10/19,4193.5,1278.1788
12/11/19,4193.6,1278.20928
12/12/19,4193.6,1278.20928
12/13/19,4193.6,1278.20928
12/14/19,4193.7,1278.23976
12/15/19,4193.7,1278.23976
12/16/19,4193.7,1278.23976
12/17/19,4193.7,1278.23976
12/18/19,4193.7,1278.23976
12/19/19,4193.7,1278.23976
12/20/19,4193.7,1278.23976
12/21/19,4193.7,1278.23976
12/22/19,4193.7,1278.23976
12/23/19,4193.8,1278.27024
12/24/19,4193.8,1278.27024
12/25/19,4193.8,1278.27024
12/26/19,4193.8,1278.27024
12/27/19,4193.9,1278.30072
12/28/19,4193.9,1278.30072
12/29/19,4193.8,1278.27024
12/30/19,4193.8,1278.27024
12/31/19,4193.8,1278.27024
1/1/20,4193.8,1278.27024
1/2/20,4193.9,1278.30072
1/3/20,4193.8,1278.27024
1/4/20,4193.8,1278.27024
1/5/20,4193.9,1278.30072
1/6/20,4193.9,1278.30072
1/7/20,4193.9,1278.30072
1/8/20,4193.9,1278.30072
1/9/20,4193.9,1278.30072
1/10/20,4193.9,1278.30072
1/11/20,4193.9,1278.30072
1/12/20,4193.9,1278.30072
1/13/20,4193.9,1278.30072
1/14/20,4193.9,1278.30072
1/15/20,4193.9,1278.30072
1/16/20,4193.9,1278.30072
1/17/20,4193.9,1278.30072
1/18/20,4193.9,1278.30072
1/19/20,4193.9,1278.30072
1/20/20,4193.9,1278.30072
1/21/20,4193.9,1278.30072
1/22/20,4193.9,1278.30072
1/23/20,4193.9,1278.30072
1/24/20,4194,1278.3312
1/25/20,4194,1278.3312
1/26/20,4194,1278.3312
1/27/20,4194,1278.3312
1/28/20,4194,1278.3312
1/29/20,4194.1,1278.36168
1/30/20,4194.1,1278.36168
1/31/20,4194.1,1278.36168
2/1/20,4194.2,1278.39216
2/2/20,4194.3,1278.42264
2/3/20,4194.6,1278.51408
2/4/20,4194.3,1278.42264
2/5/20,4194.2,1278.39216
2/6/20,4194.2,1278.39216
2/7/20,4194.3,1278.42264
2/8/20,4194.3,1278.42264
2/9/20,4194.4,1278.45312
2/10/20,4194.3,1278.42264
2/11/20,4194.3,1278.42264
2/12/20,4194.3,1278.42264
2/13/20,4194.3,1278.42264
2/14/20,4194.4,1278.45312
2/15/20,4194.3,1278.42264
2/16/20,4194.4,1278.45312
2/17/20,4194.4,1278.45312
2/18/20,4194.4,1278.45312
2/19/20,4194.5,1278.4836
2/20/20,4194.4,1278.45312
2/21/20,4194.4,1278.45312
2/22/20,4194.4,1278.45312
2/23/20,4194.4,1278.45312
2/24/20,4194.6,1278.51408
2/25/20,4194.5,1278.4836
2/26/20,4194.5,1278.4836
2/27/20,4194.5,1278.4836
2/28/20,4194.5,1278.4836
2/29/20,4194.5,1278.4836
3/1/20,4194.7,1278.54456
3/2/20,4194.5,1278.4836
3/3/20,4194.5,1278.4836
3/4/20,4194.5,1278.4836
3/5/20,4194.5,1278.4836
3/6/20,4194.5,1278.4836
3/7/20,4194.5,1278.4836
3/8/20,4194.5,1278.4836
3/9/20,4194.5,1278.4836
3/10/20,4194.5,1278.4836
3/11/20,4194.5,1278.4836
3/12/20,4194.6,1278.51408
3/13/20,4194.6,1278.51408
3/14/20,4194.3,1278.42264
3/15/20,4194.4,1278.45312
3/16/20,4194.5,1278.4836
3/17/20,4194.5,1278.4836
3/18/20,4194.6,1278.51408
3/19/20,4194.6,1278.51408
3/20/20,4194.6,1278.51408
3/21/20,4194.6,1278.51408
3/22/20,4194.6,1278.51408
3/23/20,4194.6,1278.51408
3/24/20,4194.6,1278.51408
3/25/20,4194.6,1278.51408
3/26/20,4194.7,1278.54456
3/27/20,4194.7,1278.54456
3/28/20,4194.7,1278.54456
3/29/20,4194.7,1278.54456
3/30/20,4194.7,1278.54456
3/31/20,4194.7,1278.54456
4/1/20,4194.8,1278.57504
4/2/20,4194.8,1278.57504
4/3/20,4194.7,1278.54456
4/4/20,4194.7,1278.54456
4/5/20,4194.7,1278.54456
4/6/20,4194.7,1278.54456
4/7/20,4194.7,1278.54456
4/8/20,4194.8,1278.57504
4/9/20,4194.7,1278.54456
4/10/20,4194.7,1278.54456
4/11/20,4194.8,1278.57504
4/12/20,4194.9,1278.60552
4/13/20,4194.8,1278.57504
4/14/20,4194.7,1278.54456
4/15/20,4194.7,1278.54456
4/16/20,4194.8,1278.57504
4/17/20,4194.7,1278.54456
4/18/20,4194.7,1278.54456
4/19/20,4194.7,1278.54456
4/20/20,4194.7,1278.54456
4/21/20,4194.7,1278.54456
4/22/20,4194.7,1278.54456
4/23/20,4194.9,1278.60552
4/24/20,4194.7,1278.54456
4/25/20,4194.7,1278.54456
4/26/20,4194.7,1278.54456
4/27/20,4194.7,1278.54456
4/28/20,4194.7,1278.54456
4/29/20,4194.7,1278.54456
4/30/20,4194.7,1278.54456
5/1/20,4194.7,1278.54456
5/2/20,4194.7,1278.54456
5/3/20,4194.8,1278.57504
5/4/20,4194.7,1278.54456
5/5/20,4194.6,1278.51408
5/6/20,4194.7,1278.54456
5/7/20,4194.6,1278.51408
5/8/20,4194.6,1278.51408
5/9/20,4194.6,1278.51408
5/10/20,4194.6,1278.51408
5/11/20,4194.5,1278.4836
5/12/20,4194.6,1278.51408
5/13/20,4194.6,1278.51408
5/14/20,4194.6,1278.51408
5/15/20,4194.6,1278.51408
5/16/20,4194.6,1278.51408
5/17/20,4194.4,1278.45312
5/18/20,4194.3,1278.42264
5/19/20,4194.5,1278.4836
5/20/20,4194.4,1278.45312
5/21/20,4194.4,1278.45312
5/22/20,4194.6,1278.51408
5/23/20,4194.4,1278.45312
5/24/20,4194.4,1278.45312
5/25/20,4194.4,1278.45312
5/26/20,4194.4,1278.45312
5/27/20,4194.4,1278.45312
5/28/20,4194.4,1278.45312
5/29/20,4194.4,1278.45312
5/30/20,4194.3,1278.42264
5/31/20,4194.4,1278.45312
6/1/20,4194.3,1278.42264
6/2/20,4194.4,1278.45312
6/3/20,4194.3,1278.42264
6/4/20,4194.3,1278.42264
6/5/20,4194.2,1278.39216
6/6/20,4194.1,1278.36168
6/7/20,4194.4,1278.45312
6/8/20,4194.3,1278.42264
6/9/20,4194.2,1278.39216
6/10/20,4194.2,1278.39216
6/11/20,4194.2,1278.39216
6/12/20,4194.2,1278.39216
6/13/20,4194.2,1278.39216
6/14/20,4194.2,1278.39216
6/15/20,4194.2,1278.39216
6/16/20,4194.3,1278.42264
6/17/20,4194.2,1278.39216
6/18/20,4194.2,1278.39216
6/19/20,4194.1,1278.36168
6/20/20,4194.1,1278.36168
6/21/20,4194.1,1278.36168
6/22/20,4194.1,1278.36168
6/23/20,4194.1,1278.36168
6/24/20,4194.1,1278.36168
6/25/20,4194.2,1278.39216
6/26/20,4194.1,1278.36168
6/27/20,4194.1,1278.36168
6/28/20,4194.3,1278.42264
6/29/20,4194.1,1278.36168
6/30/20,4194.1,1278.36168
7/1/20,4194.1,1278.36168
7/2/20,4194.1,1278.36168
7/3/20,4194,1278.3312
7/4/20,4194,1278.3312
7/5/20,4194,1278.3312
7/6/20,4194,1278.3312
7/7/20,4194,1278.3312
7/8/20,4194,1278.3312
7/9/20,4194,1278.3312
7/10/20,4193.9,1278.30072
7/11/20,4193.9,1278.30072
7/12/20,4193.9,1278.30072
7/13/20,4193.9,1278.30072
7/14/20,4193.9,1278.30072
7/15/20,4193.8,1278.27024
7/16/20,4193.8,1278.27024
7/17/20,4193.8,1278.27024
7/18/20,4193.8,1278.27024
7/19/20,4193.8,1278.27024
7/20/20,4193.7,1278.23976
7/21/20,4193.7,1278.23976
7/22/20,4193.6,1278.20928
7/23/20,4193.6,1278.20928
7/24/20,4193.6,1278.20928
7/25/20,4193.6,1278.20928
7/26/20,4193.6,1278.20928
7/27/20,4193.5,1278.1788
7/28/20,4193.6,1278.20928
7/29/20,4193.6,1278.20928
7/30/20,4193.5,1278.1788
7/31/20,4193.5,1278.1788
8/1/20,4193.5,1278.1788
8/2/20,4193.5,1278.1788
8/3/20,4193.5,1278.1788
8/4/20,4193.5,1278.1788
8/5/20,4193.4,1278.14832
8/6/20,4193.3,1278.11784
8/7/20,4193.4,1278.14832
8/8/20,4193.3,1278.11784
8/9/20,4193.3,1278.11784
8/10/20,4193.3,1278.11784
8/11/20,4193.3,1278.11784
8/12/20,4193.3,1278.11784
8/13/20,4193.2,1278.08736
8/14/20,4193.2,1278.08736
8/15/20,4193.2,1278.08736
8/16/20,4193.2,1278.08736
8/17/20,4193.2,1278.08736
8/18/20,4193.2,1278.08736
8/19/20,4193.2,1278.08736
8/20/20,4193.1,1278.05688
8/21/20,4193.1,1278.05688
8/22/20,4193.1,1278.05688
8/23/20,4193.1,1278.05688
8/24/20,4193.1,1278.05688
8/25/20,4193.1,1278.05688
8/26/20,4193,1278.0264
8/27/20,4193.1,1278.05688
8/28/20,4193,1278.0264
8/29/20,4193,1278.0264
8/30/20,4193,1278.0264
8/31/20,4193,1278.0264
9/1/20,4192.9,1277.99592
9/2/20,4192.8,1277.96544
9/3/20,4192.8,1277.96544
9/4/20,4192.8,1277.96544
9/5/20,4192.8,1277.96544
9/6/20,4192.8,1277.96544
9/7/20,4193,1278.0264
9/8/20,4192.8,1277.96544
9/9/20,4192.7,1277.93496
9/10/20,4192.6,1277.90448
9/11/20,4192.6,1277.90448
9/12/20,4192.6,1277.90448
9/13/20,4192.6,1277.90448
9/14/20,4192.6,1277.90448
9/15/20,4192.6,1277.90448
9/16/20,4192.6,1277.90448
9/17/20,4192.6,1277.90448
9/18/20,4192.6,1277.90448
9/19/20,4192.7,1277.93496
9/20/20,4192.6,1277.90448
9/21/20,4192.6,1277.90448
9/22/20,4192.6,1277.90448
9/23/20,4192.6,1277.90448
9/24/20,4192.6,1277.90448
9/25/20,4192.6,1277.90448
9/26/20,4192.6,1277.90448
9/27/20,4192.6,1277.90448
9/28/20,4192.5,1277.874
9/29/20,4192.5,1277.874
9/30/20,4192.5,1277.874
10/1/20,4192.5,1277.874
10/2/20,4192.5,1277.874
10/3/20,4192.5,1277.874
10/4/20,4192.5,1277.874
10/5/20,4192.5,1277.874
10/6/20,4192.4,1277.84352
10/7/20,4192.4,1277.84352
10/8/20,4192.4,1277.84352
10/9/20,4192.4,1277.84352
10/10/20,4192.4,1277.84352
10/11/20,4192.5,1277.874
10/12/20,4192.4,1277.84352
10/13/20,4192.4,1277.84352
10/14/20,4192.5,1277.874
10/15/20,4192.4,1277.84352
10/16/20,4192.3,1277.81304
10/17/20,4192.3,1277.81304
10/18/20,4192.3,1277.81304
10/19/20,4192.3,1277.81304
10/20/20,4192.3,1277.81304
10/21/20,4192.3,1277.81304
10/22/20,4192.5,1277.874
10/23/20,4192.3,1277.81304
10/24/20,4192.3,1277.81304
10/25/20,4192.4,1277.84352
10/26/20,4192.2,1277.78256
10/27/20,4192.2,1277.78256
10/28/20,4192.2,1277.78256
10/29/20,4192.2,1277.78256
10/30/20,4192.2,1277.78256
10/31/20,4192.2,1277.78256
11/1/20,4192.2,1277.78256
11/2/20,4192.2,1277.78256
11/3/20,4192.2,1277.78256
11/4/20,4192.2,1277.78256
11/5/20,4192.2,1277.78256
11/6/20,4192.1,1277.75208
11/7/20,4192,1277.7216
11/8/20,4192.1,1277.75208
11/9/20,4192.3,1277.81304
11/10/20,4192.1,1277.75208
11/11/20,4192.2,1277.78256
11/12/20,4192.1,1277.75208
11/13/20,4192.1,1277.75208
11/14/20,4192.4,1277.84352
11/15/20,4192.2,1277.78256
11/16/20,4192.1,1277.75208
11/17/20,4192.1,1277.75208
11/18/20,4192.1,1277.75208
11/19/20,4192.2,1277.78256
11/20/20,4192.2,1277.78256
11/21/20,4192.2,1277.78256
11/22/20,4192.2,1277.78256
11/23/20,4192.2,1277.78256
11/24/20,4192.2,1277.78256
11/25/20,4192.2,1277.78256
11/26/20,4192.2,1277.78256
11/27/20,4192.2,1277.78256
11/28/20,4192.2,1277.78256
11/29/20,4192.2,1277.78256
11/30/20,4192.2,1277.78256
12/1/20,4192.2,1277.78256
12/2/20,4192.2,1277.78256
12/3/20,4192.1,1277.75208
12/4/20,4192.1,1277.75208
12/5/20,4192.2,1277.78256
12/6/20,4192.2,1277.78256
12/7/20,4192.2,1277.78256
12/8/20,4192.2,1277.78256
12/9/20,4192.2,1277.78256
12/10/20,4192.2,1277.78256
12/11/20,4192.1,1277.75208
12/12/20,4192.2,1277.78256
12/13/20,4192.2,1277.78256
12/14/20,4192.2,1277.78256
12/15/20,4192.2,1277.78256
12/16/20,4192.2,1277.78256
12/17/20,4192.2,1277.78256
12/18/20,4192.2,1277.78256
12/19/20,4192.2,1277.78256
12/20/20,4192.2,1277.78256
12/21/20,4192.2,1277.78256
12/22/20,4192.4,1277.84352
12/23/20,4192.3,1277.81304
12/24/20,4192.2,1277.78256
12/25/20,4192.2,1277.78256
12/26/20,4192.2,1277.78256
12/27/20,4192.3,1277.81304
12/28/20,4192.3,1277.81304
12/29/20,4192.3,1277.81304
12/30/20,4192.2,1277.78256
12/31/20,4192.3,1277.81304
1/1/21,4192.3,1277.81304
1/2/21,4192.3,1277.81304
1/3/21,4192.3,1277.81304
1/4/21,4192.3,1277.81304
1/5/21,4192.3,1277.81304
1/6/21,4192.3,1277.81304
1/7/21,4192.3,1277.81304
1/8/21,4192.3,1277.81304
1/9/21,4192.3,1277.81304
1/10/21,4192.3,1277.81304
1/11/21,4192.3,1277.81304
1/12/21,4192.3,1277.81304
1/13/21,4192.3,1277.81304
1/14/21,4192.3,1277.81304
1/15/21,4192.3,1277.81304
1/16/21,4192.3,1277.81304
1/17/21,4192.3,1277.81304
1/18/21,4192.4,1277.84352
1/19/21,4192.3,1277.81304
1/20/21,4192.3,1277.81304
1/21/21,4192.3,1277.81304
1/22/21,4192.3,1277.81304
1/23/21,4192.4,1277.84352
1/24/21,4192.4,1277.84352
1/25/21,4192.4,1277.84352
1/26/21,4192.4,1277.84352
1/27/21,4192.3,1277.81304
1/28/21,4192.4,1277.84352
1/29/21,4192.4,1277.84352
1/30/21,4192.4,1277.84352
1/31/21,4192.4,1277.84352
2/1/21,4192.4,1277.84352
2/2/21,4192.5,1277.874
2/3/21,4192.5,1277.874
2/4/21,4192.5,1277.874
2/5/21,4192.5,1277.874
2/6/21,4192.5,1277.874
2/7/21,4192.5,1277.874
2/8/21,4192.5,1277.874
2/9/21,4192.5,1277.874
2/10/21,4192.5,1277.874
2/11/21,4192.5,1277.874
2/12/21,4192.6,1277.90448
2/13/21,4192.7,1277.93496
2/14/21,4192.7,1277.93496
2/15/21,4192.6,1277.90448
2/16/21,4192.8,1277.96544
2/17/21,4192.7,1277.93496
2/18/21,4192.7,1277.93496
2/19/21,4192.7,1277.93496
2/20/21,4192.8,1277.96544
2/21/21,4192.8,1277.96544
2/22/21,4192.7,1277.93496
2/23/21,4192.8,1277.96544
2/24/21,4192.9,1277.99592
2/25/21,4192.8,1277.96544
2/26/21,4192.8,1277.96544
2/27/21,4192.8,1277.96544
2/28/21,4192.8,1277.96544
3/1/21,4192.8,1277.96544
3/2/21,4192.8,1277.96544
3/3/21,4192.8,1277.96544
3/4/21,4192.8,1277.96544
3/5/21,4192.8,1277.96544
3/6/21,4192.8,1277.96544
3/7/21,4192.8,1277.96544
3/8/21,4192.8,1277.96544
3/9/21,4192.8,1277.96544
3/10/21,4192.8,1277.96544
3/11/21,4192.7,1277.93496
3/12/21,4192.8,1277.96544
3/13/21,4192.8,1277.96544
3/14/21,4192.8,1277.96544
3/15/21,4192.7,1277.93496
3/16/21,4192.8,1277.96544
3/17/21,4192.8,1277.96544
3/18/21,4192.8,1277.96544
3/19/21,4192.8,1277.96544
3/20/21,4192.9,1277.99592
3/21/21,4192.8,1277.96544
3/22/21,4192.8,1277.96544
3/23/21,4192.9,1277.99592
3/24/21,4192.9,1277.99592
3/25/21,4192.8,1277.96544
3/26/21,4192.9,1277.99592
3/27/21,4192.8,1277.96544
3/28/21,4192.8,1277.96544
3/29/21,4193,1278.0264
3/30/21,4192.8,1277.96544
3/31/21,4192.8,1277.96544
4/1/21,4192.8,1277.96544
4/2/21,4192.8,1277.96544
4/3/21,4192.8,1277.96544
4/4/21,4192.8,1277.96544
4/5/21,4192.9,1277.99592
4/6/21,4192.8,1277.96544
4/7/21,4192.8,1277.96544
4/8/21,4192.9,1277.99592
4/9/21,4192.8,1277.96544
4/10/21,4192.8,1277.96544
4/11/21,4192.9,1277.99592
4/12/21,4192.8,1277.96544
4/13/21,4192.7,1277.93496
4/14/21,4192.7,1277.93496
4/15/21,4192.7,1277.93496
4/16/21,4192.7,1277.93496
4/17/21,4192.7,1277.93496
4/18/21,4192.7,1277.93496
4/19/21,4192.9,1277.99592
4/20/21,4192.7,1277.93496
4/21/21,4192.7,1277.93496
4/22/21,4192.7,1277.93496
4/23/21,4192.7,1277.93496
4/24/21,4192.7,1277.93496
4/25/21,4192.8,1277.96544
4/26/21,4192.8,1277.96544
4/27/21,4192.8,1277.96544
4/28/21,4192.7,1277.93496
4/29/21,4192.7,1277.93496
4/30/21,4192.7,1277.93496
5/1/21,4192.8,1277.96544
5/2/21,4192.8,1277.96544
5/3/21,4192.8,1277.96544
5/4/21,4192.7,1277.93496
5/5/21,4192.7,1277.93496
5/6/21,4192.7,1277.93496
5/7/21,4192.7,1277.93496
5/8/21,4192.8,1277.96544
5/9/21,4192.6,1277.90448
5/10/21,4192.7,1277.93496
5/11/21,4192.6,1277.90448
5/12/21,4192.6,1277.90448
5/13/21,4192.6,1277.90448
5/14/21,4192.6,1277.90448
5/15/21,4192.6,1277.90448
5/16/21,4192.6,1277.90448
5/17/21,4192.5,1277.874
5/18/21,4192.5,1277.874
5/19/21,4192.5,1277.874
5/20/21,4192.8,1277.96544
5/21/21,4192.5,1277.874
5/22/21,4192.4,1277.84352
5/23/21,4192.4,1277.84352
5/24/21,4192.4,1277.84352
5/25/21,4192.4,1277.84352
5/26/21,4192.5,1277.874
5/27/21,4192.4,1277.84352
5/28/21,4192.4,1277.84352
5/29/21,4192.4,1277.84352
5/30/21,4192.4,1277.84352
5/31/21,4192.4,1277.84352
6/1/21,4192.3,1277.81304
6/2/21,4192.3,1277.81304
6/3/21,4192.3,1277.81304
6/4/21,4192.4,1277.84352
6/5/21,4192.3,1277.81304
6/6/21,4192.3,1277.81304
6/7/21,4192.3,1277.81304
6/8/21,4192.1,1277.75208
6/9/21,4192.1,1277.75208
6/10/21,4192.3,1277.81304
6/11/21,4192.1,1277.75208
6/12/21,4192.1,1277.75208
6/13/21,4192.1,1277.75208
6/14/21,4192,1277.7216
6/15/21,4192,1277.7216
6/16/21,4192.1,1277.75208
6/17/21,4192.1,1277.75208
6/18/21,4192,1277.7216
6/19/21,4192,1277.7216
6/20/21,4192,1277.7216
6/21/21,4192,1277.7216
6/22/21,4191.9,1277.69112
6/23/21,4191.9,1277.69112
6/24/21,4191.9,1277.69112
6/25/21,4191.9,1277.69112
6/26/21,4191.9,1277.69112
6/27/21,4191.9,1277.69112
6/28/21,4191.8,1277.66064
6/29/21,4191.7,1277.63016
6/30/21,4191.8,1277.66064
7/1/21,4191.8,1277.66064
7/2/21,4191.8,1277.66064
7/3/21,4191.7,1277.63016
7/4/21,4191.7,1277.63016
7/5/21,4191.7,1277.63016
7/6/21,4191.7,1277.63016
7/7/21,4191.7,1277.63016
7/8/21,4191.7,1277.63016
7/9/21,4191.7,1277.63016
7/10/21,4191.6,1277.59968
7/11/21,4191.6,1277.59968
7/12/21,4191.6,1277.59968
7/13/21,4191.6,1277.59968
7/14/21,4191.5,1277.5692
7/15/21,4191.4,1277.53872
7/16/21,4191.5,1277.5692
7/17/21,4191.5,1277.5692
7/18/21,4191.5,1277.5692
7/19/21,4191.4,1277.53872
7/20/21,4191.4,1277.53872
7/21/21,4191.3,1277.50824
7/22/21,4191.3,1277.50824
7/23/21,4191.3,1277.50824
7/24/21,4191.3,1277.50824
7/25/21,4191.3,1277.50824
7/26/21,4191.2,1277.47776
7/27/21,4191.2,1277.47776
7/28/21,4191.3,1277.50824
7/29/21,4191.2,1277.47776
7/30/21,4191.2,1277.47776
7/31/21,4191.2,1277.47776
8/1/21,4191.2,1277.47776
8/2/21,4191.2,1277.47776
8/3/21,4191.2,1277.47776
8/4/21,4191.2,1277.47776
8/5/21,4191.1,1277.44728
8/6/21,4191.2,1277.47776
8/7/21,4191.1,1277.44728
8/8/21,4191.1,1277.44728
8/9/21,4191.1,1277.44728
8/10/21,4191.1,1277.44728
8/11/21,4191,1277.4168
8/12/21,4191,1277.4168
8/13/21,4191,1277.4168
8/14/21,4191,1277.4168
8/15/21,4191,1277.4168
8/16/21,4191,1277.4168
8/17/21,4190.8,1277.35584
8/18/21,4190.8,1277.35584
8/19/21,4191,1277.4168
8/20/21,4191,1277.4168
8/21/21,4190.8,1277.35584
8/22/21,4191,1277.4168
8/23/21,4190.9,1277.38632
8/24/21,4190.9,1277.38632
8/25/21,4190.9,1277.38632
8/26/21,4190.9,1277.38632
8/27/21,4190.9,1277.38632
8/28/21,4190.9,1277.38632
8/29/21,4190.9,1277.38632
8/30/21,4190.9,1277.38632
8/31/21,4190.8,1277.35584
9/1/21,4190.8,1277.35584
9/2/21,4190.8,1277.35584
9/3/21,4190.8,1277.35584
9/4/21,4190.8,1277.35584
9/5/21,4190.8,1277.35584
9/6/21,4190.8,1277.35584
9/7/21,4190.8,1277.35584
9/8/21,4190.8,1277.35584
9/9/21,4190.8,1277.35584
9/10/21,4190.7,1277.32536
9/11/21,4190.8,1277.35584
9/12/21,4190.7,1277.32536
9/13/21,4190.8,1277.35584
9/14/21,4190.7,1277.32536
9/15/21,4190.7,1277.32536
9/16/21,4190.7,1277.32536
9/17/21,4190.7,1277.32536
9/18/21,4190.4,1277.23392
9/19/21,4190.7,1277.32536
9/20/21,4190.6,1277.29488
9/21/21,4190.6,1277.29488
9/22/21,4190.5,1277.2644
9/23/21,4190.6,1277.29488
9/24/21,4190.5,1277.2644
9/25/21,4190.5,1277.2644
9/26/21,4190.5,1277.2644
9/27/21,4190.5,1277.2644
9/28/21,4190.7,1277.32536
9/29/21,4190.5,1277.2644
9/30/21,4190.5,1277.2644
10/1/21,4190.4,1277.23392
10/2/21,4190.4,1277.23392
10/3/21,4190.4,1277.23392
10/4/21,4190.4,1277.23392
10/5/21,4190.4,1277.23392
10/6/21,4190.4,1277.23392
10/7/21,4190.5,1277.2644
10/8/21,4190.3,1277.20344
10/9/21,4190.5,1277.2644
10/10/21,4190.4,1277.23392
10/11/21,4190.6,1277.29488
10/12/21,4190.8,1277.35584
10/13/21,4190.4,1277.23392
10/14/21,4190.4,1277.23392
10/15/21,4190.3,1277.20344
10/16/21,4190.3,1277.20344
10/17/21,4190.3,1277.20344
10/18/21,4190.2,1277.17296
10/19/21,4190.3,1277.20344
10/20/21,4190.4,1277.23392
10/21/21,4190.4,1277.23392
10/22/21,4190.3,1277.20344
10/23/21,4190.4,1277.23392
10/24/21,4190.3,1277.20344
10/25/21,4190.5,1277.2644
10/26/21,4190.8,1277.35584
10/27/21,4190.4,1277.23392
10/28/21,4190.5,1277.2644
10/29/21,4190.5,1277.2644
10/30/21,4190.5,1277.2644
10/31/21,4190.5,1277.2644
11/1/21,4190.5,1277.2644
11/2/21,4190.6,1277.29488
11/3/21,4190.6,1277.29488
11/4/21,4190.6,1277.29488
11/5/21,4190.6,1277.29488
11/6/21,4190.6,1277.29488
11/7/21,4190.6,1277.29488
11/8/21,4190.6,1277.29488
11/9/21,4190.6,1277.29488
11/10/21,4190.6,1277.29488
11/11/21,4190.6,1277.29488
11/12/21,4190.6,1277.29488
11/13/21,4190.6,1277.29488
11/14/21,4190.6,1277.29488
11/15/21,4190.6,1277.29488
11/16/21,4190.7,1277.32536
11/17/21,4190.7,1277.32536
11/18/21,4190.6,1277.29488
11/19/21,4190.6,1277.29488
11/20/21,4190.6,1277.29488
11/21/21,4190.6,1277.29488
11/22/21,4190.6,1277.29488
11/23/21,4190.7,1277.32536
11/24/21,4190.6,1277.29488
11/25/21,4190.6,1277.29488
11/26/21,4190.6,1277.29488
11/27/21,4190.6,1277.29488
11/28/21,4190.6,1277.29488
11/29/21,4190.6,1277.29488
11/30/21,4190.6,1277.29488
12/1/21,4190.6,1277.29488
12/2/21,4190.6,1277.29488
12/3/21,4190.6,1277.29488
12/4/21,4190.6,1277.29488
12/5/21,4190.6,1277.29488
12/6/21,4190.6,1277.29488
12/7/21,4190.6,1277.29488
12/8/21,4190.6,1277.29488
12/9/21,4190.7,1277.32536
12/10/21,4190.7,1277.32536
12/11/21,4190.6,1277.29488
12/12/21,4190.6,1277.29488
12/13/21,4190.6,1277.29488
12/14/21,4190.5,1277.2644
12/15/21,4190.7,1277.32536
12/16/21,4190.7,1277.32536
12/17/21,4190.7,1277.32536
12/18/21,4190.7,1277.32536
12/19/21,4190.7,1277.32536
12/20/21,4190.7,1277.32536
12/21/21,4190.7,1277.32536
12/22/21,4190.7,1277.32536
12/23/21,4190.6,1277.29488
12/24/21,4190.6,1277.29488
12/25/21,4190.6,1277.29488
12/26/21,4190.6,1277.29488
12/27/21,4190.5,1277.2644
12/28/21,4190.7,1277.32536
12/29/21,4190.7,1277.32536
12/30/21,4190.7,1277.32536
12/31/21,4190.8,1277.35584
1/1/22,4190.8,1277.35584
1/2/22,4190.7,1277.32536
1/3/22,4190.7,1277.32536
1/4/22,4190.8,1277.35584
1/5/22,4190.7,1277.32536
1/6/22,4190.8,1277.35584
1/7/22,4190.8,1277.35584
1/8/22,4190.8,1277.35584
1/9/22,4190.8,1277.35584
1/10/22,4190.8,1277.35584
1/11/22,4190.8,1277.35584
1/12/22,4190.8,1277.35584
1/13/22,4190.8,1277.35584
1/14/22,4190.8,1277.35584
1/15/22,4190.8,1277.35584
1/16/22,4190.8,1277.35584
1/17/22,4190.8,1277.35584
1/18/22,4190.9,1277.38632
1/19/22,4190.9,1277.38632
1/20/22,4190.9,1277.38632
1/21/22,4190.9,1277.38632
1/22/22,4190.9,1277.38632
1/23/22,4190.9,1277.38632
1/24/22,4190.9,1277.38632
1/25/22,4191,1277.4168
1/26/22,4190.9,1277.38632
1/27/22,4190.9,1277.38632
1/28/22,4190.9,1277.38632
1/29/22,4190.9,1277.38632
1/30/22,4190.9,1277.38632
1/31/22,4190.9,1277.38632
2/1/22,4190.9,1277.38632
2/2/22,4191,1277.4168
2/3/22,4190.9,1277.38632
2/4/22,4190.9,1277.38632
2/5/22,4190.9,1277.38632
2/6/22,4190.9,1277.38632
2/7/22,4190.9,1277.38632
2/8/22,4190.9,1277.38632
2/9/22,4190.9,1277.38632
2/10/22,4190.9,1277.38632
2/11/22,4190.9,1277.38632
2/12/22,4190.9,1277.38632
2/13/22,4190.9,1277.38632
2/14/22,4190.9,1277.38632
2/15/22,4191,1277.4168
2/16/22,4191.1,1277.44728
2/17/22,4191,1277.4168
2/18/22,4191,1277.4168
2/19/22,4191,1277.4168
2/20/22,4190.9,1277.38632
2/21/22,4191.1,1277.44728
2/22/22,4190.9,1277.38632
2/23/22,4191,1277.4168
2/24/22,4191,1277.4168
2/25/22,4191,1277.4168
2/26/22,4191,1277.4168
2/27/22,4191,1277.4168
2/28/22,4191,1277.4168
3/1/22,4191,1277.4168
3/2/22,4191,1277.4168
3/3/22,4191,1277.4168
3/4/22,4191,1277.4168
3/5/22,4191.1,1277.44728
3/6/22,4191.2,1277.47776
3/7/22,4191.1,1277.44728
3/8/22,4191,1277.4168
3/9/22,4191.1,1277.44728
3/10/22,4191.2,1277.47776
3/11/22,4191,1277.4168
3/12/22,4191,1277.4168
3/13/22,4191.1,1277.44728
3/14/22,4191.1,1277.44728
3/15/22,4191.1,1277.44728
3/16/22,4191.2,1277.47776
3/17/22,4191.1,1277.44728
3/18/22,4191.1,1277.44728
3/19/22,4191,1277.4168
3/20/22,4191.3,1277.50824
3/21/22,4191.2,1277.47776
3/22/22,4191.1,1277.44728
3/23/22,4191.1,1277.44728
3/24/22,4191.1,1277.44728
3/25/22,4191.1,1277.44728
3/26/22,4191.1,1277.44728
3/27/22,4191.1,1277.44728
3/28/22,4191,1277.4168
3/29/22,4191.2,1277.47776
3/30/22,4191.1,1277.44728
3/31/22,4191.2,1277.47776
4/1/22,4191.1,1277.44728
4/2/22,4191.1,1277.44728
4/3/22,4191.1,1277.44728
4/4/22,4191.1,1277.44728
4/5/22,4191.4,1277.53872
4/6/22,4191.1,1277.44728
4/7/22,4191.1,1277.44728
4/8/22,4191.1,1277.44728
4/9/22,4191.2,1277.47776
4/10/22,4191.1,1277.44728
4/11/22,4191.2,1277.47776
4/12/22,4191.1,1277.44728
4/13/22,4191,1277.4168
4/14/22,4191,1277.4168
4/15/22,4191,1277.4168
4/16/22,4191,1277.4168
4/17/22,4191.1,1277.44728
4/18/22,4191,1277.4168
4/19/22,4191.1,1277.44728
4/20/22,4191,1277.4168
4/21/22,4191,1277.4168
4/22/22,4191.2,1277.47776
4/23/22,4191.2,1277.47776
4/24/22,4191,1277.4168
4/25/22,4191,1277.4168
4/26/22,4191,1277.4168
4/27/22,4191,1277.4168
4/28/22,4191.2,1277.47776
4/29/22,4191.1,1277.44728
4/30/22,4191,1277.4168
5/1/22,4191.1,1277.44728
5/2/22,4191.1,1277.44728
5/3/22,4191,1277.4168
5/4/22,4191,1277.4168
5/5/22,4190.9,1277.38632
5/6/22,4191,1277.4168
5/7/22,4191.1,1277.44728
5/8/22,4191.1,1277.44728
5/9/22,4191,1277.4168
5/10/22,4191,1277.4168
5/11/22,4191.1,1277.44728
5/12/22,4190.9,1277.38632
5/13/22,4190.9,1277.38632
5/14/22,4190.9,1277.38632
5/15/22,4190.9,1277.38632
5/16/22,4190.9,1277.38632
5/17/22,4190.9,1277.38632
5/18/22,4190.9,1277.38632
5/19/22,4191.1,1277.44728
5/20/22,4190.9,1277.38632
5/21/22,4190.8,1277.35584
5/22/22,4190.9,1277.38632
5/23/22,4190.8,1277.35584
5/24/22,4190.8,1277.35584
5/25/22,4190.8,1277.35584
5/26/22,4190.7,1277.32536
5/27/22,4190.8,1277.35584
5/28/22,4190.9,1277.38632
5/29/22,4190.9,1277.38632
5/30/22,4190.8,1277.35584
5/31/22,4190.8,1277.35584
6/1/22,4190.8,1277.35584
6/2/22,4190.8,1277.35584
6/3/22,4190.8,1277.35584
6/4/22,4190.8,1277.35584
6/5/22,4190.8,1277.35584
6/6/22,4190.8,1277.35584
6/7/22,4190.8,1277.35584
6/8/22,4190.7,1277.32536
6/9/22,4190.7,1277.32536
6/10/22,4190.7,1277.32536
6/11/22,4190.7,1277.32536
6/12/22,4190.8,1277.35584
6/13/22,4190.9,1277.38632
6/14/22,4190.8,1277.35584
6/15/22,4190.6,1277.29488
6/16/22,4190.6,1277.29488
6/17/22,4190.4,1277.23392
6/18/22,4190.4,1277.23392
6/19/22,4190.6,1277.29488
6/20/22,4190.6,1277.29488
6/21/22,4190.5,1277.2644
6/22/22,4190.5,1277.2644
6/23/22,4190.5,1277.2644
6/24/22,4190.5,1277.2644
6/25/22,4190.5,1277.2644
6/26/22,4190.4,1277.23392
6/27/22,4190.4,1277.23392
6/28/22,4190.3,1277.20344
6/29/22,4190.4,1277.23392
6/30/22,4190.4,1277.23392
7/1/22,4190.3,1277.20344
7/2/22,4190.3,1277.20344
7/3/22,4190.1,1277.14248
7/4/22,4190.2,1277.17296
7/5/22,4190.2,1277.17296
7/6/22,4190.1,1277.14248
7/7/22,4190.1,1277.14248
7/8/22,4190.1,1277.14248
7/9/22,4190.1,1277.14248
7/10/22,4190.2,1277.17296
7/11/22,4190.1,1277.14248
7/12/22,4190.1,1277.14248
7/13/22,4190,1277.112
7/14/22,4189.9,1277.08152
7/15/22,4189.9,1277.08152
7/16/22,4190,1277.112
7/17/22,4190,1277.112
7/18/22,4190,1277.112
7/19/22,4189.9,1277.08152
7/20/22,4189.9,1277.08152
7/21/22,4189.9,1277.08152
7/22/22,4189.9,1277.08152
7/23/22,4189.9,1277.08152
7/24/22,4189.8,1277.05104
7/25/22,4189.8,1277.05104
7/26/22,4189.8,1277.05104
7/27/22,4189.8,1277.05104
7/28/22,4189.8,1277.05104
7/29/22,4189.7,1277.02056
7/30/22,4189.7,1277.02056
7/31/22,4189.7,1277.02056
8/1/22,4189.6,1276.99008
8/2/22,4189.7,1277.02056
8/3/22,4189.7,1277.02056
8/4/22,4189.6,1276.99008
8/5/22,4189.6,1276.99008
8/6/22,4189.7,1277.02056
8/7/22,4189.6,1276.99008
8/8/22,4189.6,1276.99008
8/9/22,4189.6,1276.99008
8/10/22,4189.6,1276.99008
8/11/22,4189.5,1276.9596
8/12/22,4189.5,1276.9596
8/13/22,4189.6,1276.99008
8/14/22,4189.5,1276.9596
8/15/22,4189.6,1276.99008
8/16/22,4189.5,1276.9596
8/17/22,4189.5,1276.9596
8/18/22,4189.5,1276.9596
8/19/22,4189.5,1276.9596
8/20/22,4189.4,1276.92912
8/21/22,4189.4,1276.92912
8/22/22,4189.4,1276.92912
8/23/22,4189.4,1276.92912
8/24/22,4189.4,1276.92912
8/25/22,4189.4,1276.92912
8/26/22,4189.3,1276.89864
8/27/22,4189.3,1276.89864
8/28/22,4189.3,1276.89864
8/29/22,4189.3,1276.89864
8/30/22,4189.3,1276.89864
8/31/22,4189.3,1276.89864
9/1/22,4189.3,1276.89864
9/2/22,4189.3,1276.89864
9/3/22,4189.2,1276.86816
9/4/22,4189.2,1276.86816
9/5/22,4189.2,1276.86816
9/6/22,4189.2,1276.86816
9/7/22,4189.2,1276.86816
9/8/22,4189.3,1276.89864
9/9/22,4189.2,1276.86816
9/10/22,4189.2,1276.86816
9/11/22,4189.1,1276.83768
9/12/22,4189.1,1276.83768
9/13/22,4189.1,1276.83768
9/14/22,4189.1,1276.83768
9/15/22,4189.2,1276.86816
9/16/22,4189.2,1276.86816
9/17/22,4189.2,1276.86816
9/18/22,4189.1,1276.83768
9/19/22,4189.1,1276.83768
9/20/22,4189.1,1276.83768
9/21/22,4189.1,1276.83768
9/22/22,4189.1,1276.83768
9/23/22,4189,1276.8072
9/24/22,4189,1276.8072
9/25/22,4189,1276.8072
9/26/22,4189,1276.8072
9/27/22,4189,1276.8072
9/28/22,4188.9,1276.77672
9/29/22,4189,1276.8072
9/30/22,4189.1,1276.83768
10/1/22,4189,1276.8072
10/2/22,4188.9,1276.77672
10/3/22,4188.9,1276.77672
10/4/22,4188.9,1276.77672
10/5/22,4188.9,1276.77672
10/6/22,4188.9,1276.77672
10/7/22,4188.9,1276.77672
10/8/22,4188.9,1276.77672
10/9/22,4188.9,1276.77672
10/10/22,4188.9,1276.77672
10/11/22,4188.9,1276.77672
10/12/22,4188.8,1276.74624
10/13/22,4188.8,1276.74624
10/14/22,4188.8,1276.74624
10/15/22,4188.8,1276.74624
10/16/22,4188.7,1276.71576
10/17/22,4188.7,1276.71576
10/18/22,4188.8,1276.74624
10/19/22,4188.8,1276.74624
10/20/22,4188.8,1276.74624
10/21/22,4188.8,1276.74624
10/22/22,4188.8,1276.74624
10/23/22,4188.8,1276.74624
10/24/22,4188.7,1276.71576
10/25/22,4188.7,1276.71576
10/26/22,4188.8,1276.74624
10/27/22,4188.6,1276.68528
10/28/22,4188.7,1276.71576
10/29/22,4188.7,1276.71576
10/30/22,4188.7,1276.71576
10/31/22,4188.7,1276.71576
11/1/22,4188.6,1276.68528
11/2/22,4188.8,1276.74624
11/3/22,4188.6,1276.68528
11/4/22,4188.7,1276.71576
11/5/22,4188.7,1276.71576
11/6/22,4188.7,1276.71576
11/7/22,4188.5,1276.6548
11/8/22,4188.6,1276.68528
11/9/22,4188.7,1276.71576
11/10/22,4188.8,1276.74624
11/11/22,4188.8,1276.74624
11/12/22,4188.7,1276.71576
11/13/22,4188.7,1276.71576
11/14/22,4188.7,1276.71576
11/15/22,4188.7,1276.71576
11/16/22,4188.7,1276.71576
11/17/22,4188.8,1276.74624
11/18/22,4188.8,1276.74624
11/19/22,4188.7,1276.71576
11/20/22,4188.8,1276.74624
11/21/22,4188.8,1276.74624
11/22/22,4188.7,1276.71576
11/23/22,4188.7,1276.71576
11/24/22,4188.7,1276.71576
11/25/22,4188.8,1276.74624
11/26/22,4188.8,1276.74624
11/27/22,4188.8,1276.74624
11/28/22,4188.9,1276.77672
11/29/22,4188.8,1276.74624
11/30/22,4188.8,1276.74624
12/1/22,4189,1276.8072
12/2/22,4189.2,1276.86816
12/3/22,4188.9,1276.77672
12/4/22,4188.9,1276.77672
12/5/22,4188.9,1276.77672
12/6/22,4188.9,1276.77672
12/7/22,4188.9,1276.77672
12/8/22,4188.9,1276.77672
12/9/22,4188.9,1276.77672
12/10/22,4189,1276.8072
12/11/22,4189,1276.8072
12/12/22,4188.9,1276.77672
12/13/22,4188.9,1276.77672
12/14/22,4189,1276.8072
12/15/22,4189,1276.8072
12/16/22,4189,1276.8072
12/17/22,4189,1276.8072
12/18/22,4189,1276.8072
12/19/22,4189,1276.8072
12/20/22,4189,1276.8072
12/21/22,4189.1,1276.83768
12/22/22,4189,1276.8072
12/23/22,4189,1276.8072
12/24/22,4189,1276.8072
12/25/22,4189,1276.8072
12/26/22,4189,1276.8072
12/27/22,4189,1276.8072
12/28/22,4189.2,1276.86816
12/29/22,4189,1276.8072
12/30/22,4189.1,1276.83768
12/31/22,4189.1,1276.83768
1/1/23,4189.3,1276.89864
1/2/23,4189.3,1276.89864
1/3/23,4189.2,1276.86816
1/4/23,4189.2,1276.86816
1/5/23,4189.2,1276.86816
1/6/23,4189.3,1276.89864
1/7/23,4189.3,1276.89864
1/8/23,4189.3,1276.89864
1/9/23,4189.3,1276.89864
1/10/23,4189.5,1276.9596
1/11/23,4189.5,1276.9596
1/12/23,4189.5,1276.9596
1/13/23,4189.6,1276.99008
1/14/23,4189.6,1276.99008
1/15/23,4189.7,1277.02056
1/16/23,4189.7,1277.02056
1/17/23,4189.9,1277.08152
1/18/23,4189.9,1277.08152
1/19/23,4189.8,1277.05104
1/20/23,4190,1277.112
1/21/23,4189.9,1277.08152
1/22/23,4190,1277.112
1/23/23,4190.1,1277.14248
1/24/23,4189.9,1277.08152
1/25/23,4189.9,1277.08152
1/26/23,4189.9,1277.08152
1/27/23,4189.9,1277.08152
1/28/23,4190,1277.112
1/29/23,4190.2,1277.17296
1/30/23,4190.1,1277.14248
1/31/23,4190,1277.112
2/1/23,4190,1277.112
2/2/23,4190,1277.112
2/3/23,4190,1277.112
2/4/23,4190,1277.112
2/5/23,4190,1277.112
2/6/23,4190,1277.112
2/7/23,4190,1277.112
2/8/23,4190.1,1277.14248
2/9/23,4190.1,1277.14248
2/10/23,4190.1,1277.14248
2/11/23,4190.1,1277.14248
2/12/23,4190.1,1277.14248
2/13/23,4190.1,1277.14248
2/14/23,4190.2,1277.17296
2/15/23,4190.4,1277.23392
2/16/23,4190.1,1277.14248
2/17/23,4190.1,1277.14248
2/18/23,4190.1,1277.14248
2/19/23,4190.1,1277.14248
2/20/23,4190.1,1277.14248
2/21/23,4190.2,1277.17296
2/22/23,4190.5,1277.2644
2/23/23,4190.1,1277.14248
2/24/23,4190.2,1277.17296
2/25/23,4190.2,1277.17296
2/26/23,4190.2,1277.17296
2/27/23,4190,1277.112
2/28/23,4190.1,1277.14248
3/1/23,4190.3,1277.20344
3/2/23,4190.3,1277.20344
3/3/23,4190.3,1277.20344
3/4/23,4190.3,1277.20344
3/5/23,4190.4,1277.23392
3/6/23,4190.3,1277.20344
3/7/23,4190.4,1277.23392
3/8/23,4190.4,1277.23392
3/9/23,4190.5,1277.2644
3/10/23,4190.3,1277.20344
3/11/23,4190.5,1277.2644
3/12/23,4190.5,1277.2644
3/13/23,4190.6,1277.29488
3/14/23,4190.5,1277.2644
3/15/23,4190.8,1277.35584
3/16/23,4190.8,1277.35584
3/17/23,4190.7,1277.32536
3/18/23,4190.7,1277.32536
3/19/23,4190.7,1277.32536
3/20/23,4190.8,1277.35584
3/21/23,4190.8,1277.35584
3/22/23,4191,1277.4168
3/23/23,4191,1277.4168
3/24/23,4191.3,1277.50824
3/25/23,4191.2,1277.47776
3/26/23,4191.2,1277.47776
3/27/23,4191.2,1277.47776
3/28/23,4191.1,1277.44728
3/29/23,4191.2,1277.47776
3/30/23,4191.4,1277.53872
3/31/23,4191.3,1277.50824
4/1/23,4191.3,1277.50824
4/2/23,4191.5,1277.5692
4/3/23,4191.8,1277.66064
4/4/23,4191.7,1277.63016
4/5/23,4191.6,1277.59968
4/6/23,4191.6,1277.59968
4/7/23,4191.7,1277.63016
4/8/23,4191.7,1277.63016
4/9/23,4191.8,1277.66064
4/10/23,4191.8,1277.66064
4/11/23,4191.8,1277.66064
4/12/23,4191.9,1277.69112
4/13/23,4192,1277.7216
4/14/23,4192,1277.7216
4/15/23,4192,1277.7216
4/16/23,4192,1277.7216
4/17/23,4192.1,1277.75208
4/18/23,4192.4,1277.84352
4/19/23,4192.2,1277.78256
4/20/23,4192.2,1277.78256
4/21/23,4192.2,1277.78256
4/22/23,4192.2,1277.78256
4/23/23,4192.3,1277.81304
4/24/23,4192.4,1277.84352
4/25/23,4192.4,1277.84352
4/26/23,4192.4,1277.84352
4/27/23,4192.5,1277.874
4/28/23,4192.5,1277.874
4/29/23,4192.5,1277.874
4/30/23,4192.5,1277.874
5/1/23,4192.6,1277.90448
5/2/23,4192.6,1277.90448
5/3/23,4192.6,1277.90448
5/4/23,4192.6,1277.90448
5/5/23,4192.5,1277.874
5/6/23,4192.7,1277.93496
5/7/23,4192.7,1277.93496
5/8/23,4192.8,1277.96544
5/9/23,4192.9,1277.99592
5/10/23,4193,1278.0264
5/11/23,4192.9,1277.99592
5/12/23,4193,1278.0264
5/13/23,4193,1278.0264
5/14/23,4192.9,1277.99592
5/15/23,4193.1,1278.05688
5/16/23,4193.1,1278.05688
5/17/23,4193.2,1278.08736
5/18/23,4193.3,1278.11784
5/19/23,4193.3,1278.11784
5/20/23,4193.4,1278.14832
5/21/23,4193.4,1278.14832
5/22/23,4193.4,1278.14832
5/23/23,4193.4,1278.14832
5/24/23,4193.6,1278.20928
5/25/23,4193.6,1278.20928
5/26/23,4193.5,1278.1788
5/27/23,4193.6,1278.20928
5/28/23,4193.7,1278.23976
5/29/23,4193.7,1278.23976
5/30/23,4193.8,1278.27024
5/31/23,4193.8,1278.27024
6/1/23,4193.8,1278.27024
6/2/23,4193.8,1278.27024
6/3/23,4193.8,1278.27024
6/4/23,4193.8,1278.27024
6/5/23,4193.8,1278.27024
6/6/23,4193.8,1278.27024
6/7/23,4193.8,1278.27024
6/8/23,4193.8,1278.27024
6/9/23,4193.8,1278.27024
6/10/23,4193.9,1278.30072
6/11/23,4193.8,1278.27024
6/12/23,4193.8,1278.27024
6/13/23,4193.9,1278.30072
6/14/23,4193.9,1278.30072
6/15/23,4193.8,1278.27024
6/16/23,4193.9,1278.30072
6/17/23,4193.9,1278.30072
6/18/23,4193.8,1278.27024
6/19/23,4194,1278.3312
6/20/23,4194,1278.3312
6/21/23,4193.9,1278.30072
6/22/23,4193.9,1278.30072
6/23/23,4193.8,1278.27024
6/24/23,4193.8,1278.27024
6/25/23,4193.8,1278.27024
6/26/23,4193.9,1278.30072
6/27/23,4193.9,1278.30072
6/28/23,4193.8,1278.27024
6/29/23,4193.8,1278.27024
6/30/23,4193.8,1278.27024
7/1/23,4193.8,1278.27024
7/2/23,4193.8,1278.27024
7/3/23,4193.8,1278.27024
7/4/23,4193.8,1278.27024
7/5/23,4193.8,1278.27024
7/6/23,4193.7,1278.23976
7/7/23,4193.8,1278.27024
7/8/23,4193.7,1278.23976
7/9/23,4193.7,1278.23976
7/10/23,4193.6,1278.20928
7/11/23,4193.6,1278.20928
7/12/23,4193.6,1278.20928
7/13/23,4193.6,1278.20928
7/14/23,4193.6,1278.20928
7/15/23,4193.5,1278.1788
7/16/23,4193.5,1278.1788
7/17/23,4193.5,1278.1788
7/18/23,4193.5,1278.1788
7/19/23,4193.4,1278.14832
7/20/23,4193.4,1278.14832
7/21/23,4193.4,1278.14832
7/22/23,4193.4,1278.14832
7/23/23,4193.3,1278.11784
7/24/23,4193.4,1278.14832
7/25/23,4193.3,1278.11784
7/26/23,4193.2,1278.08736
7/27/23,4193.3,1278.11784
7/28/23,4193.3,1278.11784
7/29/23,4193.2,1278.08736
7/30/23,4193.2,1278.08736
7/31/23,4193.1,1278.05688
8/1/23,4193.2,1278.08736
8/2/23,4193.1,1278.05688
8/3/23,4193.1,1278.05688
8/4/23,4193.2,1278.08736
8/5/23,4193.1,1278.05688
8/6/23,4193.1,1278.05688
8/7/23,4193.1,1278.05688
8/8/23,4193.1,1278.05688
8/9/23,4193,1278.0264
8/10/23,4193,1278.0264
8/11/23,4193,1278.0264
8/12/23,4192.9,1277.99592
8/13/23,4192.9,1277.99592
8/14/23,4192.9,1277.99592
8/15/23,4192.9,1277.99592
8/16/23,4192.9,1277.99592
8/17/23,4192.8,1277.96544
8/18/23,4192.8,1277.96544
8/19/23,4192.8,1277.96544
8/20/23,4192.8,1277.96544
8/21/23,4192.6,1277.90448
8/22/23,4192.7,1277.93496
8/23/23,4192.7,1277.93496
8/24/23,4192.7,1277.93496
8/25/23,4192.7,1277.93496
8/26/23,4192.7,1277.93496
8/27/23,4192.7,1277.93496
8/28/23,4192.7,1277.93496
8/29/23,4192.7,1277.93496
8/30/23,4192.7,1277.93496
8/31/23,4192.6,1277.90448
9/1/23,4192.2,1277.78256
9/2/23,4192.5,1277.874
9/3/23,4192.6,1277.90448
9/4/23,4192.5,1277.874
9/5/23,4192.5,1277.874
9/6/23,4192.5,1277.874
9/7/23,4192.5,1277.874
9/8/23,4192.4,1277.84352
9/9/23,4192.4,1277.84352
9/10/23,4192.4,1277.84352
9/11/23,4192.4,1277.84352
9/12/23,4192.4,1277.84352
9/13/23,4192.4,1277.84352
9/14/23,4192.4,1277.84352
9/15/23,4192.4,1277.84352
9/16/23,4192.3,1277.81304
9/17/23,4192.3,1277.81304
9/18/23,4192.3,1277.81304
9/19/23,4192.3,1277.81304
9/20/23,4192.3,1277.81304
9/21/23,4192.3,1277.81304
9/22/23,4192.3,1277.81304
9/23/23,4192.3,1277.81304
9/24/23,4192.2,1277.78256
9/25/23,4192.2,1277.78256
9/26/23,4192.2,1277.78256
9/27/23,4192.2,1277.78256
9/28/23,4192.3,1277.81304
9/29/23,4192.2,1277.78256
9/30/23,4192.1,1277.75208
10/1/23,4192,1277.7216
10/2/23,4192.2,1277.78256
10/3/23,4192.2,1277.78256
10/4/23,4192.2,1277.78256
10/5/23,4192.2,1277.78256
10/6/23,4192.2,1277.78256
10/7/23,4192.2,1277.78256
10/8/23,4192.2,1277.78256
10/9/23,4192.2,1277.78256
10/10/23,4192.2,1277.78256
10/11/23,4192.3,1277.81304
10/12/23,4192.2,1277.78256
10/13/23,4192.2,1277.78256
10/14/23,4192.2,1277.78256
10/15/23,4192.2,1277.78256
10/16/23,4192.2,1277.78256
10/17/23,4192.2,1277.78256
10/18/23,4192.2,1277.78256
10/19/23,4192.2,1277.78256
10/20/23,4192.2,1277.78256
10/21/23,4192.2,1277.78256
10/22/23,4192.2,1277.78256
10/23/23,4192.2,1277.78256
10/24/23,4192.2,1277.78256
10/25/23,4192.1,1277.75208
10/26/23,4192.2,1277.78256
10/27/23,4192.1,1277.75208
10/28/23,4192.3,1277.81304
10/29/23,4192.2,1277.78256
10/30/23,4192.1,1277.75208
10/31/23,4192.1,1277.75208
11/1/23,4192.1,1277.75208
11/2/23,4192.1,1277.75208
11/3/23,4192.1,1277.75208
11/4/23,4192.1,1277.75208
11/5/23,4192.1,1277.75208
11/6/23,4192.1,1277.75208
11/7/23,4192.1,1277.75208
11/8/23,4192.2,1277.78256
11/9/23,4192.1,1277.75208
11/10/23,4192.1,1277.75208
11/11/23,4192.1,1277.75208
11/12/23,4192.1,1277.75208
11/13/23,4192.2,1277.78256
11/14/23,4192.2,1277.78256
11/15/23,4192.2,1277.78256
11/16/23,4192.2,1277.78256
11/17/23,4192.2,1277.78256
11/18/23,4192.2,1277.78256
11/19/23,4192.3,1277.81304
11/20/23,4192.3,1277.81304
11/21/23,4192.2,1277.78256
11/22/23,4192.2,1277.78256
11/23/23,4192.3,1277.81304
11/24/23,4192.3,1277.81304
11/25/23,4192.3,1277.81304
11/26/23,4192.3,1277.81304
11/27/23,4192.3,1277.81304
11/28/23,4192.3,1277.81304
11/29/23,4192.3,1277.81304
11/30/23,4192.3,1277.81304
12/1/23,4192.3,1277.81304
12/2/23,4192.2,1277.78256
12/3/23,4192.3,1277.81304
12/4/23,4192.3,1277.81304
12/5/23,4192.3,1277.81304
12/6/23,4192.4,1277.84352
12/7/23,4192.4,1277.84352
12/8/23,4192.5,1277.874
12/9/23,4192.4,1277.84352
12/10/23,4192.4,1277.84352
12/11/23,4192.4,1277.84352
12/12/23,4192.4,1277.84352
12/13/23,4192.4,1277.84352
12/14/23,4192.4,1277.84352
12/15/23,4192.4,1277.84352
12/16/23,4192.4,1277.84352
12/17/23,4192.4,1277.84352
12/18/23,4192.5,1277.874
12/19/23,4192.5,1277.874
12/20/23,4192.5,1277.874
12/21/23,4192.5,1277.874
12/22/23,4192.5,1277.874
12/23/23,4192.6,1277.90448
12/24/23,4192.5,1277.874
12/25/23,4192.5,1277.874
12/26/23,4192.5,1277.874
12/27/23,4192.5,1277.874
12/28/23,4192.5,1277.874
12/29/23,4192.5,1277.874
12/30/23,4192.5,1277.874
12/31/23,4192.5,1277.874